BEGIN;

INSERT INTO public.developers (id, name, slug, is_featured, founded_year, website, created_at, updated_at)
VALUES
('00000000-0000-0000-0000-000000000001', 'Emaar Properties', 'emaar', TRUE, 1997, 'https://emaar.com', '2026-07-01T08:14:38.594Z', '2026-07-01T08:14:38.594Z'),
('00000000-0000-0000-0000-000000000002', 'Sobha Realty', 'sobha', TRUE, 1976, 'https://sobharealty.com', '2026-07-01T08:14:38.594Z', '2026-07-01T08:14:38.594Z'),
('00000000-0000-0000-0000-000000000003', 'DAMAC Properties', 'damac', TRUE, 2002, 'https://damacproperties.com', '2026-07-01T08:14:38.594Z', '2026-07-01T08:14:38.594Z'),
('00000000-0000-0000-0000-000000000004', 'Ellington Properties', 'ellington', TRUE, 2014, 'https://ellingtonproperties.ae', '2026-07-01T08:14:38.594Z', '2026-07-01T08:14:38.594Z'),
('00000000-0000-0000-0000-000000000005', 'Nakheel', 'nakheel', TRUE, 2000, 'https://nakheel.com', '2026-07-01T08:14:38.594Z', '2026-07-01T08:14:38.594Z'),
('00000000-0000-0000-0000-000000000006', 'Meraas', 'meraas', FALSE, 2007, 'https://meraas.com', '2026-07-01T08:14:38.594Z', '2026-07-01T08:14:38.594Z'),
('00000000-0000-0000-0000-000000000007', 'Aldar Properties', 'aldar', FALSE, 2004, 'https://aldar.com', '2026-07-01T08:14:38.594Z', '2026-07-01T08:14:38.594Z'),
('00000000-0000-0000-0000-000000000008', 'Azizi Developments', 'azizi', FALSE, 2007, 'https://azizidevelopments.com', '2026-07-01T08:14:38.594Z', '2026-07-01T08:14:38.594Z'),
('00000000-0000-0000-0000-000000000009', 'Omniyat', 'omniyat', FALSE, 2005, 'https://omniyat.com', '2026-07-01T08:14:38.594Z', '2026-07-01T08:14:38.594Z'),
('00000000-0000-0000-0000-00000000000a', 'Select Group', 'select-group', FALSE, 2002, 'https://select-group.ae', '2026-07-01T08:14:38.594Z', '2026-07-01T08:14:38.594Z')
ON CONFLICT (id) DO UPDATE SET
id = EXCLUDED.id, name = EXCLUDED.name, slug = EXCLUDED.slug, is_featured = EXCLUDED.is_featured, founded_year = EXCLUDED.founded_year, website = EXCLUDED.website, created_at = EXCLUDED.created_at, updated_at = EXCLUDED.updated_at;

INSERT INTO public.communities (id, name, slug, description, banner_url, is_featured, coordinates, created_at, updated_at)
VALUES
('00000000-0000-0000-0001-000000000001', 'Palm Jumeirah', 'palm-jumeirah', 'Iconic man-made island offering beachfront villas and high-end suites.', '/assets/palm_jumeirah_render.png', TRUE, '{"lat":25.1124,"lng":55.139}'::jsonb, '2026-07-01T08:14:38.595Z', '2026-07-01T08:14:38.595Z'),
('00000000-0000-0000-0001-000000000002', 'Downtown Dubai', 'downtown-dubai', 'The vibrant heart of the city centered around Burj Khalifa and Dubai Mall.', '/assets/penthouse_render.png', TRUE, '{"lat":25.2048,"lng":55.2708}'::jsonb, '2026-07-01T08:14:38.595Z', '2026-07-01T08:14:38.595Z'),
('00000000-0000-0000-0001-000000000003', 'Dubai Hills Estate', 'dubai-hills-estate', 'Golf green oasis with premium residential enclaves and modern townhouses.', '/assets/villa_render.png', TRUE, '{"lat":25.1014,"lng":55.2588}'::jsonb, '2026-07-01T08:14:38.595Z', '2026-07-01T08:14:38.595Z'),
('00000000-0000-0000-0001-000000000004', 'Dubai Marina', 'dubai-marina', 'High-rise coastal towers looking over luxury yachts and waterfront walkways.', '/assets/apartment_render.png', TRUE, '{"lat":25.0805,"lng":55.1403}'::jsonb, '2026-07-01T08:14:38.595Z', '2026-07-01T08:14:38.595Z'),
('00000000-0000-0000-0001-000000000005', 'Business Bay', 'business-bay', 'High-flying corporate and residential hub next to the Dubai Water Canal.', '/assets/apartment_render.png', TRUE, '{"lat":25.1824,"lng":55.2728}'::jsonb, '2026-07-01T08:14:38.595Z', '2026-07-01T08:14:38.595Z'),
('00000000-0000-0000-0001-000000000006', 'Jumeirah Beach Residence', 'jbr', 'Beachfront towers, dining promenades, and casual coastal living.', '/assets/palm_jumeirah_render.png', TRUE, '{"lat":25.0782,"lng":55.1328}'::jsonb, '2026-07-01T08:14:38.595Z', '2026-07-01T08:14:38.595Z'),
('00000000-0000-0000-0001-000000000007', 'Dubai Creek Harbour', 'dubai-creek-harbour', 'Ultra-modern waterfront living with views of the historic creek and skyline.', '/assets/penthouse_render.png', TRUE, '{"lat":25.2014,"lng":55.3528}'::jsonb, '2026-07-01T08:14:38.595Z', '2026-07-01T08:14:38.595Z'),
('00000000-0000-0000-0001-000000000008', 'MBR City', 'mbr-city', 'Mohammed Bin Rashid City, home to District One and massive crystal lagoons.', '/assets/villa_render.png', TRUE, '{"lat":25.1504,"lng":55.3088}'::jsonb, '2026-07-01T08:14:38.595Z', '2026-07-01T08:14:38.595Z'),
('00000000-0000-0000-0001-000000000009', 'Arabian Ranches', 'arabian-ranches', 'Established desert-themed luxury villa community for families.', '/assets/villa_render.png', FALSE, '{"lat":25.0344,"lng":55.2808}'::jsonb, '2026-07-01T08:14:38.595Z', '2026-07-01T08:14:38.595Z'),
('00000000-0000-0000-0001-00000000000a', 'DIFC', 'difc', 'Dubai International Financial Centre, upscale financial district and dining.', '/assets/penthouse_render.png', FALSE, '{"lat":25.2154,"lng":55.2818}'::jsonb, '2026-07-01T08:14:38.595Z', '2026-07-01T08:14:38.595Z'),
('00000000-0000-0000-0001-00000000000b', 'Jumeirah Village Circle', 'jvc', 'Family-oriented community with a mix of townhouses and low-rise apartments.', '/assets/apartment_render.png', FALSE, '{"lat":25.0584,"lng":55.2028}'::jsonb, '2026-07-01T08:14:38.595Z', '2026-07-01T08:14:38.595Z'),
('00000000-0000-0000-0001-00000000000c', 'Al Barsha', 'al-barsha', 'Residential district featuring Mall of the Emirates and quiet villas.', '/assets/villa_render.png', FALSE, '{"lat":25.1184,"lng":55.2288}'::jsonb, '2026-07-01T08:14:38.595Z', '2026-07-01T08:14:38.595Z'),
('00000000-0000-0000-0001-00000000000d', 'Jumeirah', 'jumeirah', 'Coastal area with low-rise luxury villas, beach clubs, and cafes.', '/assets/villa_render.png', FALSE, '{"lat":25.2014,"lng":55.2388}'::jsonb, '2026-07-01T08:14:38.595Z', '2026-07-01T08:14:38.595Z'),
('00000000-0000-0000-0001-00000000000e', 'Bluewaters Island', 'bluewaters-island', 'Offshore lifestyle island home to Ain Dubai and upscale waterfront residences.', '/assets/apartment_render.png', FALSE, '{"lat":25.0799,"lng":55.1228}'::jsonb, '2026-07-01T08:14:38.595Z', '2026-07-01T08:14:38.595Z'),
('00000000-0000-0000-0001-00000000000f', 'City Walk', 'city-walk', 'Design-inspired open-air retail, dining, and premium low-rise apartments.', '/assets/apartment_render.png', FALSE, '{"lat":25.2074,"lng":55.2618}'::jsonb, '2026-07-01T08:14:38.595Z', '2026-07-01T08:14:38.595Z')
ON CONFLICT (id) DO UPDATE SET
id = EXCLUDED.id, name = EXCLUDED.name, slug = EXCLUDED.slug, description = EXCLUDED.description, banner_url = EXCLUDED.banner_url, is_featured = EXCLUDED.is_featured, coordinates = EXCLUDED.coordinates, created_at = EXCLUDED.created_at, updated_at = EXCLUDED.updated_at;

INSERT INTO public.agents (id, name, slug, title, email, phone, whatsapp, languages, specialization, is_featured, created_at, updated_at)
VALUES
('00000000-0000-0000-0002-000000000001', 'Farah Al-Sayed', 'farah-al-sayed', 'Senior Investment Partner', 'farah@luxespace.com', '+971 50 123 4567', '+971501234567', '{"English","Arabic","French"}', '{"Palm Jumeirah","Penthouses"}', TRUE, '2026-07-01T08:14:38.593Z', '2026-07-01T08:14:38.593Z'),
('00000000-0000-0000-0002-000000000002', 'Alexander Volkov', 'alexander-volkov', 'Residential Specialist', 'alexander@luxespace.com', '+971 50 987 6543', '+971509876543', '{"English","Russian"}', '{"Downtown Dubai","Villas"}', TRUE, '2026-07-01T08:14:38.593Z', '2026-07-01T08:14:38.593Z'),
('00000000-0000-0000-0002-000000000003', 'Sarah Jenkins', 'sarah-jenkins', 'Advisory Director', 'sarah@luxespace.com', '+971 55 456 7890', '+971554567890', '{"English","German"}', '{"Dubai Hills","Off-plan"}', TRUE, '2026-07-01T08:14:38.593Z', '2026-07-01T08:14:38.593Z'),
('00000000-0000-0000-0002-000000000004', 'Elena Rostova', 'elena-rostova', 'Private Client Advisor', 'elena@luxespace.com', '+971 52 321 0987', '+971523210987', '{"English","Russian","Ukrainian"}', '{"Bluewaters","Waterfront Penthouse"}', FALSE, '2026-07-01T08:14:38.593Z', '2026-07-01T08:14:38.593Z'),
('00000000-0000-0000-0002-000000000005', 'Marcus Vance', 'marcus-vance', 'Commercial Broker', 'marcus@luxespace.com', '+971 56 654 3210', '+971566543210', '{"English","Mandarin"}', '{"Business Bay","Offices"}', FALSE, '2026-07-01T08:14:38.593Z', '2026-07-01T08:14:38.593Z'),
('00000000-0000-0000-0002-000000000006', 'Sophia Chen', 'sophia-chen', 'Luxury Portfolio Consultant', 'sophia@luxespace.com', '+971 58 789 0123', '+971587890123', '{"English","Cantonese","Mandarin"}', '{"DIFC","Downtown Apartments"}', FALSE, '2026-07-01T08:14:38.593Z', '2026-07-01T08:14:38.593Z')
ON CONFLICT (id) DO UPDATE SET
id = EXCLUDED.id, name = EXCLUDED.name, slug = EXCLUDED.slug, title = EXCLUDED.title, email = EXCLUDED.email, phone = EXCLUDED.phone, whatsapp = EXCLUDED.whatsapp, languages = EXCLUDED.languages, specialization = EXCLUDED.specialization, is_featured = EXCLUDED.is_featured, created_at = EXCLUDED.created_at, updated_at = EXCLUDED.updated_at;

INSERT INTO public.properties (id, title, slug, description, price, type, status, completion_status, handover_date, bedrooms, bathrooms, area_sqft, parking, location, community_id, developer_id, agent_id, latitude, longitude, images, videos, property_plan_url, amenities, is_featured, created_at, updated_at)
VALUES
('00000000-0000-0000-0003-000000000001', 'Signature Apartment at Palm Jumeirah', 'signature-apartment-at-palm-jumeirah-1', 'Immerse yourself in unmatched elegance with this premium Apartment crafted by Emaar Properties. Nestled prime in Palm Jumeirah, this residence provides unparalleled finishes, custom architecture, and breath-taking neighborhood coordinates. Ready to elevate your portfolio.', 880000, 'apartment', 'off-plan', 'under-construction', 'Q2 2027', 2, 3, 2120, 2, 'Palm Jumeirah, Dubai', '00000000-0000-0000-0001-000000000001', '00000000-0000-0000-0000-000000000001', '00000000-0000-0000-0002-000000000001', 25.1084, 55.135000000000005, '{"/assets/villa_render.png","/assets/penthouse_render.png","/assets/apartment_render.png","/assets/palm_jumeirah_render.png"}', '{"/assets/hero-video.mp4"}', '/assets/downloads/golden_visa_guide_2026.pdf', '{"Infinity Pool","Gymnasium","Spa & Wellness","24/7 Concierge","Valet Parking"}', TRUE, '2026-03-24T08:14:38.594Z', '2026-07-01T08:14:38.594Z'),
('00000000-0000-0000-0003-000000000002', 'The Ritz Apartment at Palm Jumeirah', 'the-ritz-apartment-at-palm-jumeirah-2', 'Immerse yourself in unmatched elegance with this premium Apartment crafted by Sobha Realty. Nestled prime in Palm Jumeirah, this residence provides unparalleled finishes, custom architecture, and breath-taking neighborhood coordinates. Ready to elevate your portfolio.', 960000, 'apartment', 'buy', 'ready', NULL, 3, 3, 3240, 2, 'Palm Jumeirah, Dubai', '00000000-0000-0000-0001-000000000001', '00000000-0000-0000-0000-000000000002', '00000000-0000-0000-0002-000000000002', 25.1094, 55.136, '{"/assets/penthouse_render.png","/assets/apartment_render.png","/assets/palm_jumeirah_render.png","/assets/villa_render.png"}', '{"/assets/hero-video.mp4"}', NULL, '{"Sky Pool","Spa & Wellness","24/7 Concierge","Valet Parking","High-speed Elevators"}', TRUE, '2026-03-25T08:14:38.594Z', '2026-07-01T08:14:38.594Z'),
('00000000-0000-0000-0003-000000000003', 'Residences at Apartment at Palm Jumeirah', 'residences-at-apartment-at-palm-jumeirah-3', 'Immerse yourself in unmatched elegance with this premium Apartment crafted by DAMAC Properties. Nestled prime in Palm Jumeirah, this residence provides unparalleled finishes, custom architecture, and breath-taking neighborhood coordinates. Ready to elevate your portfolio.', 1040000, 'apartment', 'buy', 'ready', NULL, 4, 5, 4360, 3, 'Palm Jumeirah, Dubai', '00000000-0000-0000-0001-000000000001', '00000000-0000-0000-0000-000000000003', '00000000-0000-0000-0002-000000000003', 25.110400000000002, 55.137, '{"/assets/apartment_render.png","/assets/palm_jumeirah_render.png","/assets/villa_render.png","/assets/penthouse_render.png"}', '{"/assets/hero-video.mp4"}', NULL, '{"Olympic Pool","24/7 Concierge","Valet Parking","High-speed Elevators","Landscaped Gardens"}', TRUE, '2026-03-26T08:14:38.594Z', '2026-07-01T08:14:38.594Z'),
('00000000-0000-0000-0003-000000000004', 'Elite Apartment at Palm Jumeirah', 'elite-apartment-at-palm-jumeirah-4', 'Immerse yourself in unmatched elegance with this premium Apartment crafted by Ellington Properties. Nestled prime in Palm Jumeirah, this residence provides unparalleled finishes, custom architecture, and breath-taking neighborhood coordinates. Ready to elevate your portfolio.', 50400, 'apartment', 'rent', 'ready', NULL, 5, 5, 5480, 3, 'Palm Jumeirah, Dubai', '00000000-0000-0000-0001-000000000001', '00000000-0000-0000-0000-000000000004', '00000000-0000-0000-0002-000000000004', 25.1114, 55.138000000000005, '{"/assets/palm_jumeirah_render.png","/assets/villa_render.png","/assets/penthouse_render.png","/assets/apartment_render.png"}', '{"/assets/hero-video.mp4"}', NULL, '{"Heated Pool","Valet Parking","High-speed Elevators","Landscaped Gardens","Kids Play Area"}', TRUE, '2026-03-27T08:14:38.594Z', '2026-07-01T08:14:38.594Z'),
('00000000-0000-0000-0003-000000000005', 'Skyline Apartment at Palm Jumeirah', 'skyline-apartment-at-palm-jumeirah-5', 'Immerse yourself in unmatched elegance with this premium Apartment crafted by Nakheel. Nestled prime in Palm Jumeirah, this residence provides unparalleled finishes, custom architecture, and breath-taking neighborhood coordinates. Ready to elevate your portfolio.', 1200000, 'apartment', 'off-plan', 'under-construction', 'Q2 2028', 1, 2, 1600, 2, 'Palm Jumeirah, Dubai', '00000000-0000-0000-0001-000000000001', '00000000-0000-0000-0000-000000000005', '00000000-0000-0000-0002-000000000005', 25.1124, 55.139, '{"/assets/villa_render.png","/assets/penthouse_render.png","/assets/apartment_render.png","/assets/palm_jumeirah_render.png"}', '{"/assets/hero-video.mp4"}', NULL, '{"Private Pool","High-speed Elevators","Landscaped Gardens","Kids Play Area","Barbecue Area"}', TRUE, '2026-03-28T08:14:38.594Z', '2026-07-01T08:14:38.594Z'),
('00000000-0000-0000-0003-000000000006', 'Oceanfront Apartment at Palm Jumeirah', 'oceanfront-apartment-at-palm-jumeirah-6', 'Immerse yourself in unmatched elegance with this premium Apartment crafted by Meraas. Nestled prime in Palm Jumeirah, this residence provides unparalleled finishes, custom architecture, and breath-taking neighborhood coordinates. Ready to elevate your portfolio.', 1280000, 'apartment', 'buy', 'ready', NULL, 2, 2, 2720, 2, 'Palm Jumeirah, Dubai', '00000000-0000-0000-0001-000000000001', '00000000-0000-0000-0000-000000000006', '00000000-0000-0000-0002-000000000006', 25.113400000000002, 55.14, '{"/assets/penthouse_render.png","/assets/apartment_render.png","/assets/palm_jumeirah_render.png","/assets/villa_render.png"}', '{"/assets/hero-video.mp4"}', NULL, '{"Infinity Pool","Landscaped Gardens","Kids Play Area","Barbecue Area","Steam & Sauna Rooms"}', TRUE, '2026-03-29T08:14:38.594Z', '2026-07-01T08:14:38.594Z'),
('00000000-0000-0000-0003-000000000007', 'Serene Apartment at Palm Jumeirah', 'serene-apartment-at-palm-jumeirah-7', 'Immerse yourself in unmatched elegance with this premium Apartment crafted by Aldar Properties. Nestled prime in Palm Jumeirah, this residence provides unparalleled finishes, custom architecture, and breath-taking neighborhood coordinates. Ready to elevate your portfolio.', 1360000, 'apartment', 'buy', 'ready', NULL, 3, 4, 3840, 2, 'Palm Jumeirah, Dubai', '00000000-0000-0000-0001-000000000001', '00000000-0000-0000-0000-000000000007', '00000000-0000-0000-0002-000000000001', 25.1144, 55.141000000000005, '{"/assets/apartment_render.png","/assets/palm_jumeirah_render.png","/assets/villa_render.png","/assets/penthouse_render.png"}', '{"/assets/hero-video.mp4"}', NULL, '{"Sky Pool","Kids Play Area","Barbecue Area","Steam & Sauna Rooms","Residents Lounge"}', TRUE, '2026-03-30T08:14:38.594Z', '2026-07-01T08:14:38.594Z'),
('00000000-0000-0000-0003-000000000008', 'Emerald Apartment at Downtown Dubai', 'emerald-apartment-at-downtown-dubai-8', 'Immerse yourself in unmatched elegance with this premium Apartment crafted by Azizi Developments. Nestled prime in Downtown Dubai, this residence provides unparalleled finishes, custom architecture, and breath-taking neighborhood coordinates. Ready to elevate your portfolio.', 64800, 'apartment', 'rent', 'ready', NULL, 4, 4, 4960, 3, 'Downtown Dubai, Dubai', '00000000-0000-0000-0001-000000000002', '00000000-0000-0000-0000-000000000008', '00000000-0000-0000-0002-000000000002', 25.2078, 55.2738, '{"/assets/palm_jumeirah_render.png","/assets/villa_render.png","/assets/penthouse_render.png","/assets/apartment_render.png"}', '{"/assets/hero-video.mp4"}', NULL, '{"Olympic Pool","Barbecue Area","Steam & Sauna Rooms","Residents Lounge","Cinema Room"}', TRUE, '2026-03-31T08:14:38.594Z', '2026-07-01T08:14:38.594Z'),
('00000000-0000-0000-0003-000000000009', 'Marquis Apartment at Downtown Dubai', 'marquis-apartment-at-downtown-dubai-9', 'Immerse yourself in unmatched elegance with this premium Apartment crafted by Omniyat. Nestled prime in Downtown Dubai, this residence provides unparalleled finishes, custom architecture, and breath-taking neighborhood coordinates. Ready to elevate your portfolio.', 1520000, 'apartment', 'off-plan', 'under-construction', 'Q2 2026', 5, 6, 6080, 3, 'Downtown Dubai, Dubai', '00000000-0000-0000-0001-000000000002', '00000000-0000-0000-0000-000000000009', '00000000-0000-0000-0002-000000000003', 25.2088, 55.2748, '{"/assets/villa_render.png","/assets/penthouse_render.png","/assets/apartment_render.png","/assets/palm_jumeirah_render.png"}', '{"/assets/hero-video.mp4"}', NULL, '{"Heated Pool","Steam & Sauna Rooms","Residents Lounge","Cinema Room","Wine Cellar"}', TRUE, '2026-04-01T08:14:38.594Z', '2026-07-01T08:14:38.594Z'),
('00000000-0000-0000-0003-00000000000a', 'One Apartment at Downtown Dubai', 'one-apartment-at-downtown-dubai-10', 'Immerse yourself in unmatched elegance with this premium Apartment crafted by Select Group. Nestled prime in Downtown Dubai, this residence provides unparalleled finishes, custom architecture, and breath-taking neighborhood coordinates. Ready to elevate your portfolio.', 1600000, 'apartment', 'buy', 'ready', NULL, 1, 1, 2200, 2, 'Downtown Dubai, Dubai', '00000000-0000-0000-0001-000000000002', '00000000-0000-0000-0000-00000000000a', '00000000-0000-0000-0002-000000000004', 25.1998, 55.2658, '{"/assets/penthouse_render.png","/assets/apartment_render.png","/assets/palm_jumeirah_render.png","/assets/villa_render.png"}', '{"/assets/hero-video.mp4"}', NULL, '{"Private Pool","Residents Lounge","Cinema Room","Wine Cellar","Tennis Court"}', TRUE, '2026-04-02T08:14:38.594Z', '2026-07-01T08:14:38.594Z'),
('00000000-0000-0000-0003-00000000000b', 'Aria Apartment at Downtown Dubai', 'aria-apartment-at-downtown-dubai-11', 'Immerse yourself in unmatched elegance with this premium Apartment crafted by Emaar Properties. Nestled prime in Downtown Dubai, this residence provides unparalleled finishes, custom architecture, and breath-taking neighborhood coordinates. Ready to elevate your portfolio.', 1680000, 'apartment', 'buy', 'ready', NULL, 2, 3, 3320, 2, 'Downtown Dubai, Dubai', '00000000-0000-0000-0001-000000000002', '00000000-0000-0000-0000-000000000001', '00000000-0000-0000-0002-000000000005', 25.200799999999997, 55.2668, '{"/assets/apartment_render.png","/assets/palm_jumeirah_render.png","/assets/villa_render.png","/assets/penthouse_render.png"}', '{"/assets/hero-video.mp4"}', NULL, '{"Infinity Pool","Cinema Room","Wine Cellar","Tennis Court","Golf Simulator"}', TRUE, '2026-04-03T08:14:38.594Z', '2026-07-01T08:14:38.594Z'),
('00000000-0000-0000-0003-00000000000c', 'Grand Apartment at Downtown Dubai', 'grand-apartment-at-downtown-dubai-12', 'Immerse yourself in unmatched elegance with this premium Apartment crafted by Sobha Realty. Nestled prime in Downtown Dubai, this residence provides unparalleled finishes, custom architecture, and breath-taking neighborhood coordinates. Ready to elevate your portfolio.', 79200, 'apartment', 'rent', 'ready', NULL, 3, 3, 4440, 2, 'Downtown Dubai, Dubai', '00000000-0000-0000-0001-000000000002', '00000000-0000-0000-0000-000000000002', '00000000-0000-0000-0002-000000000006', 25.2018, 55.2678, '{"/assets/palm_jumeirah_render.png","/assets/villa_render.png","/assets/penthouse_render.png","/assets/apartment_render.png"}', '{"/assets/hero-video.mp4"}', NULL, '{"Sky Pool","Wine Cellar","Tennis Court","Golf Simulator","Smart Home System"}', TRUE, '2026-04-04T08:14:38.594Z', '2026-07-01T08:14:38.594Z'),
('00000000-0000-0000-0003-00000000000d', 'Vogue Apartment at Downtown Dubai', 'vogue-apartment-at-downtown-dubai-13', 'Immerse yourself in unmatched elegance with this premium Apartment crafted by DAMAC Properties. Nestled prime in Downtown Dubai, this residence provides unparalleled finishes, custom architecture, and breath-taking neighborhood coordinates. Ready to elevate your portfolio.', 1840000, 'apartment', 'off-plan', 'under-construction', 'Q2 2027', 4, 5, 5560, 3, 'Downtown Dubai, Dubai', '00000000-0000-0000-0001-000000000002', '00000000-0000-0000-0000-000000000003', '00000000-0000-0000-0002-000000000001', 25.2028, 55.2688, '{"/assets/villa_render.png","/assets/penthouse_render.png","/assets/apartment_render.png","/assets/palm_jumeirah_render.png"}', '{"/assets/hero-video.mp4"}', NULL, '{"Olympic Pool","Tennis Court","Golf Simulator","Smart Home System","Gymnasium"}', FALSE, '2026-04-05T08:14:38.594Z', '2026-07-01T08:14:38.594Z'),
('00000000-0000-0000-0003-00000000000e', 'Waterfront Apartment at Downtown Dubai', 'waterfront-apartment-at-downtown-dubai-14', 'Immerse yourself in unmatched elegance with this premium Apartment crafted by Ellington Properties. Nestled prime in Downtown Dubai, this residence provides unparalleled finishes, custom architecture, and breath-taking neighborhood coordinates. Ready to elevate your portfolio.', 1920000, 'apartment', 'buy', 'ready', NULL, 5, 5, 6680, 3, 'Downtown Dubai, Dubai', '00000000-0000-0000-0001-000000000002', '00000000-0000-0000-0000-000000000004', '00000000-0000-0000-0002-000000000002', 25.203799999999998, 55.269800000000004, '{"/assets/penthouse_render.png","/assets/apartment_render.png","/assets/palm_jumeirah_render.png","/assets/villa_render.png"}', '{"/assets/hero-video.mp4"}', NULL, '{"Heated Pool","Golf Simulator","Smart Home System","Gymnasium","Spa & Wellness"}', FALSE, '2026-04-06T08:14:38.594Z', '2026-07-01T08:14:38.594Z'),
('00000000-0000-0000-0003-00000000000f', 'Crest Apartment at Dubai Hills Estate', 'crest-apartment-at-dubai-hills-estate-15', 'Immerse yourself in unmatched elegance with this premium Apartment crafted by Nakheel. Nestled prime in Dubai Hills Estate, this residence provides unparalleled finishes, custom architecture, and breath-taking neighborhood coordinates. Ready to elevate your portfolio.', 2000000, 'apartment', 'buy', 'ready', NULL, 1, 2, 2800, 2, 'Dubai Hills Estate, Dubai', '00000000-0000-0000-0001-000000000003', '00000000-0000-0000-0000-000000000005', '00000000-0000-0000-0002-000000000003', 25.1014, 55.2588, '{"/assets/apartment_render.png","/assets/palm_jumeirah_render.png","/assets/villa_render.png","/assets/penthouse_render.png"}', '{"/assets/hero-video.mp4"}', NULL, '{"Private Pool","Smart Home System","Gymnasium","Spa & Wellness","24/7 Concierge"}', FALSE, '2026-04-07T08:14:38.594Z', '2026-07-01T08:14:38.594Z'),
('00000000-0000-0000-0003-000000000010', 'Crown Apartment at Dubai Hills Estate', 'crown-apartment-at-dubai-hills-estate-16', 'Immerse yourself in unmatched elegance with this premium Apartment crafted by Meraas. Nestled prime in Dubai Hills Estate, this residence provides unparalleled finishes, custom architecture, and breath-taking neighborhood coordinates. Ready to elevate your portfolio.', 93600, 'apartment', 'rent', 'ready', NULL, 2, 2, 3920, 2, 'Dubai Hills Estate, Dubai', '00000000-0000-0000-0001-000000000003', '00000000-0000-0000-0000-000000000006', '00000000-0000-0000-0002-000000000004', 25.102400000000003, 55.2598, '{"/assets/palm_jumeirah_render.png","/assets/villa_render.png","/assets/penthouse_render.png","/assets/apartment_render.png"}', '{"/assets/hero-video.mp4"}', NULL, '{"Infinity Pool","Gymnasium","Spa & Wellness","24/7 Concierge","Valet Parking"}', FALSE, '2026-04-08T08:14:38.594Z', '2026-07-01T08:14:38.594Z'),
('00000000-0000-0000-0003-000000000011', 'Azure Apartment at Dubai Hills Estate', 'azure-apartment-at-dubai-hills-estate-17', 'Immerse yourself in unmatched elegance with this premium Apartment crafted by Aldar Properties. Nestled prime in Dubai Hills Estate, this residence provides unparalleled finishes, custom architecture, and breath-taking neighborhood coordinates. Ready to elevate your portfolio.', 2160000, 'apartment', 'off-plan', 'under-construction', 'Q2 2028', 3, 4, 5040, 2, 'Dubai Hills Estate, Dubai', '00000000-0000-0000-0001-000000000003', '00000000-0000-0000-0000-000000000007', '00000000-0000-0000-0002-000000000005', 25.1034, 55.2608, '{"/assets/villa_render.png","/assets/penthouse_render.png","/assets/apartment_render.png","/assets/palm_jumeirah_render.png"}', '{"/assets/hero-video.mp4"}', NULL, '{"Sky Pool","Spa & Wellness","24/7 Concierge","Valet Parking","High-speed Elevators"}', FALSE, '2026-04-09T08:14:38.594Z', '2026-07-01T08:14:38.594Z'),
('00000000-0000-0000-0003-000000000012', 'Majestic Apartment at Dubai Hills Estate', 'majestic-apartment-at-dubai-hills-estate-18', 'Immerse yourself in unmatched elegance with this premium Apartment crafted by Azizi Developments. Nestled prime in Dubai Hills Estate, this residence provides unparalleled finishes, custom architecture, and breath-taking neighborhood coordinates. Ready to elevate your portfolio.', 2240000, 'apartment', 'buy', 'ready', NULL, 4, 4, 6160, 3, 'Dubai Hills Estate, Dubai', '00000000-0000-0000-0001-000000000003', '00000000-0000-0000-0000-000000000008', '00000000-0000-0000-0002-000000000006', 25.104400000000002, 55.2618, '{"/assets/penthouse_render.png","/assets/apartment_render.png","/assets/palm_jumeirah_render.png","/assets/villa_render.png"}', '{"/assets/hero-video.mp4"}', NULL, '{"Olympic Pool","24/7 Concierge","Valet Parking","High-speed Elevators","Landscaped Gardens"}', FALSE, '2026-04-10T08:14:38.594Z', '2026-07-01T08:14:38.594Z'),
('00000000-0000-0000-0003-000000000013', 'Infinity Apartment at Dubai Hills Estate', 'infinity-apartment-at-dubai-hills-estate-19', 'Immerse yourself in unmatched elegance with this premium Apartment crafted by Omniyat. Nestled prime in Dubai Hills Estate, this residence provides unparalleled finishes, custom architecture, and breath-taking neighborhood coordinates. Ready to elevate your portfolio.', 2320000, 'apartment', 'buy', 'ready', NULL, 5, 6, 7280, 3, 'Dubai Hills Estate, Dubai', '00000000-0000-0000-0001-000000000003', '00000000-0000-0000-0000-000000000009', '00000000-0000-0000-0002-000000000001', 25.105400000000003, 55.2628, '{"/assets/apartment_render.png","/assets/palm_jumeirah_render.png","/assets/villa_render.png","/assets/penthouse_render.png"}', '{"/assets/hero-video.mp4"}', NULL, '{"Heated Pool","Valet Parking","High-speed Elevators","Landscaped Gardens","Kids Play Area"}', FALSE, '2026-04-11T08:14:38.594Z', '2026-07-01T08:14:38.594Z'),
('00000000-0000-0000-0003-000000000014', 'Royal Apartment at Dubai Hills Estate', 'royal-apartment-at-dubai-hills-estate-20', 'Immerse yourself in unmatched elegance with this premium Apartment crafted by Select Group. Nestled prime in Dubai Hills Estate, this residence provides unparalleled finishes, custom architecture, and breath-taking neighborhood coordinates. Ready to elevate your portfolio.', 108000, 'apartment', 'rent', 'ready', NULL, 1, 1, 3400, 2, 'Dubai Hills Estate, Dubai', '00000000-0000-0000-0001-000000000003', '00000000-0000-0000-0000-00000000000a', '00000000-0000-0000-0002-000000000002', 25.096400000000003, 55.2538, '{"/assets/palm_jumeirah_render.png","/assets/villa_render.png","/assets/penthouse_render.png","/assets/apartment_render.png"}', '{"/assets/hero-video.mp4"}', NULL, '{"Private Pool","High-speed Elevators","Landscaped Gardens","Kids Play Area","Barbecue Area"}', FALSE, '2026-04-12T08:14:38.594Z', '2026-07-01T08:14:38.594Z'),
('00000000-0000-0000-0003-000000000015', 'Signature Apartment at Dubai Hills Estate', 'signature-apartment-at-dubai-hills-estate-21', 'Immerse yourself in unmatched elegance with this premium Apartment crafted by Emaar Properties. Nestled prime in Dubai Hills Estate, this residence provides unparalleled finishes, custom architecture, and breath-taking neighborhood coordinates. Ready to elevate your portfolio.', 2480000, 'apartment', 'off-plan', 'under-construction', 'Q2 2026', 2, 3, 4520, 2, 'Dubai Hills Estate, Dubai', '00000000-0000-0000-0001-000000000003', '00000000-0000-0000-0000-000000000001', '00000000-0000-0000-0002-000000000003', 25.0974, 55.2548, '{"/assets/villa_render.png","/assets/penthouse_render.png","/assets/apartment_render.png","/assets/palm_jumeirah_render.png"}', '{"/assets/hero-video.mp4"}', NULL, '{"Infinity Pool","Landscaped Gardens","Kids Play Area","Barbecue Area","Steam & Sauna Rooms"}', FALSE, '2026-04-13T08:14:38.594Z', '2026-07-01T08:14:38.594Z'),
('00000000-0000-0000-0003-000000000016', 'The Ritz Apartment at Dubai Marina', 'the-ritz-apartment-at-dubai-marina-22', 'Immerse yourself in unmatched elegance with this premium Apartment crafted by Sobha Realty. Nestled prime in Dubai Marina, this residence provides unparalleled finishes, custom architecture, and breath-taking neighborhood coordinates. Ready to elevate your portfolio.', 2560000, 'apartment', 'buy', 'ready', NULL, 3, 3, 5640, 2, 'Dubai Marina, Dubai', '00000000-0000-0000-0001-000000000004', '00000000-0000-0000-0000-000000000002', '00000000-0000-0000-0002-000000000004', 25.0775, 55.1373, '{"/assets/penthouse_render.png","/assets/apartment_render.png","/assets/palm_jumeirah_render.png","/assets/villa_render.png"}', '{"/assets/hero-video.mp4"}', NULL, '{"Sky Pool","Kids Play Area","Barbecue Area","Steam & Sauna Rooms","Residents Lounge"}', FALSE, '2026-04-14T08:14:38.594Z', '2026-07-01T08:14:38.594Z'),
('00000000-0000-0000-0003-000000000017', 'Residences at Apartment at Dubai Marina', 'residences-at-apartment-at-dubai-marina-23', 'Immerse yourself in unmatched elegance with this premium Apartment crafted by DAMAC Properties. Nestled prime in Dubai Marina, this residence provides unparalleled finishes, custom architecture, and breath-taking neighborhood coordinates. Ready to elevate your portfolio.', 2640000, 'apartment', 'buy', 'ready', NULL, 4, 5, 6760, 3, 'Dubai Marina, Dubai', '00000000-0000-0000-0001-000000000004', '00000000-0000-0000-0000-000000000003', '00000000-0000-0000-0002-000000000005', 25.078500000000002, 55.1383, '{"/assets/apartment_render.png","/assets/palm_jumeirah_render.png","/assets/villa_render.png","/assets/penthouse_render.png"}', '{"/assets/hero-video.mp4"}', NULL, '{"Olympic Pool","Barbecue Area","Steam & Sauna Rooms","Residents Lounge","Cinema Room"}', FALSE, '2026-04-15T08:14:38.594Z', '2026-07-01T08:14:38.594Z'),
('00000000-0000-0000-0003-000000000018', 'Elite Apartment at Dubai Marina', 'elite-apartment-at-dubai-marina-24', 'Immerse yourself in unmatched elegance with this premium Apartment crafted by Ellington Properties. Nestled prime in Dubai Marina, this residence provides unparalleled finishes, custom architecture, and breath-taking neighborhood coordinates. Ready to elevate your portfolio.', 122400, 'apartment', 'rent', 'ready', NULL, 5, 5, 7880, 3, 'Dubai Marina, Dubai', '00000000-0000-0000-0001-000000000004', '00000000-0000-0000-0000-000000000004', '00000000-0000-0000-0002-000000000006', 25.0795, 55.139300000000006, '{"/assets/palm_jumeirah_render.png","/assets/villa_render.png","/assets/penthouse_render.png","/assets/apartment_render.png"}', '{"/assets/hero-video.mp4"}', NULL, '{"Heated Pool","Steam & Sauna Rooms","Residents Lounge","Cinema Room","Wine Cellar"}', FALSE, '2026-04-16T08:14:38.594Z', '2026-07-01T08:14:38.594Z'),
('00000000-0000-0000-0003-000000000019', 'Skyline Apartment at Dubai Marina', 'skyline-apartment-at-dubai-marina-25', 'Immerse yourself in unmatched elegance with this premium Apartment crafted by Nakheel. Nestled prime in Dubai Marina, this residence provides unparalleled finishes, custom architecture, and breath-taking neighborhood coordinates. Ready to elevate your portfolio.', 2800000, 'apartment', 'off-plan', 'under-construction', 'Q2 2027', 1, 2, 4000, 2, 'Dubai Marina, Dubai', '00000000-0000-0000-0001-000000000004', '00000000-0000-0000-0000-000000000005', '00000000-0000-0000-0002-000000000001', 25.0805, 55.1403, '{"/assets/villa_render.png","/assets/penthouse_render.png","/assets/apartment_render.png","/assets/palm_jumeirah_render.png"}', '{"/assets/hero-video.mp4"}', NULL, '{"Private Pool","Residents Lounge","Cinema Room","Wine Cellar","Tennis Court"}', FALSE, '2026-04-17T08:14:38.594Z', '2026-07-01T08:14:38.594Z'),
('00000000-0000-0000-0003-00000000001a', 'Oceanfront Apartment at Dubai Marina', 'oceanfront-apartment-at-dubai-marina-26', 'Immerse yourself in unmatched elegance with this premium Apartment crafted by Meraas. Nestled prime in Dubai Marina, this residence provides unparalleled finishes, custom architecture, and breath-taking neighborhood coordinates. Ready to elevate your portfolio.', 2880000, 'apartment', 'buy', 'ready', NULL, 2, 2, 5120, 2, 'Dubai Marina, Dubai', '00000000-0000-0000-0001-000000000004', '00000000-0000-0000-0000-000000000006', '00000000-0000-0000-0002-000000000002', 25.081500000000002, 55.1413, '{"/assets/penthouse_render.png","/assets/apartment_render.png","/assets/palm_jumeirah_render.png","/assets/villa_render.png"}', '{"/assets/hero-video.mp4"}', NULL, '{"Infinity Pool","Cinema Room","Wine Cellar","Tennis Court","Golf Simulator"}', FALSE, '2026-04-18T08:14:38.594Z', '2026-07-01T08:14:38.594Z'),
('00000000-0000-0000-0003-00000000001b', 'Serene Apartment at Dubai Marina', 'serene-apartment-at-dubai-marina-27', 'Immerse yourself in unmatched elegance with this premium Apartment crafted by Aldar Properties. Nestled prime in Dubai Marina, this residence provides unparalleled finishes, custom architecture, and breath-taking neighborhood coordinates. Ready to elevate your portfolio.', 2960000, 'apartment', 'buy', 'ready', NULL, 3, 4, 6240, 2, 'Dubai Marina, Dubai', '00000000-0000-0000-0001-000000000004', '00000000-0000-0000-0000-000000000007', '00000000-0000-0000-0002-000000000003', 25.0825, 55.142300000000006, '{"/assets/apartment_render.png","/assets/palm_jumeirah_render.png","/assets/villa_render.png","/assets/penthouse_render.png"}', '{"/assets/hero-video.mp4"}', NULL, '{"Sky Pool","Wine Cellar","Tennis Court","Golf Simulator","Smart Home System"}', FALSE, '2026-04-19T08:14:38.594Z', '2026-07-01T08:14:38.594Z'),
('00000000-0000-0000-0003-00000000001c', 'Emerald Apartment at Dubai Marina', 'emerald-apartment-at-dubai-marina-28', 'Immerse yourself in unmatched elegance with this premium Apartment crafted by Azizi Developments. Nestled prime in Dubai Marina, this residence provides unparalleled finishes, custom architecture, and breath-taking neighborhood coordinates. Ready to elevate your portfolio.', 136800, 'apartment', 'rent', 'ready', NULL, 4, 4, 7360, 3, 'Dubai Marina, Dubai', '00000000-0000-0000-0001-000000000004', '00000000-0000-0000-0000-000000000008', '00000000-0000-0000-0002-000000000004', 25.0835, 55.1433, '{"/assets/palm_jumeirah_render.png","/assets/villa_render.png","/assets/penthouse_render.png","/assets/apartment_render.png"}', '{"/assets/hero-video.mp4"}', NULL, '{"Olympic Pool","Tennis Court","Golf Simulator","Smart Home System","Gymnasium"}', FALSE, '2026-04-20T08:14:38.594Z', '2026-07-01T08:14:38.594Z'),
('00000000-0000-0000-0003-00000000001d', 'Marquis Apartment at Business Bay', 'marquis-apartment-at-business-bay-29', 'Immerse yourself in unmatched elegance with this premium Apartment crafted by Omniyat. Nestled prime in Business Bay, this residence provides unparalleled finishes, custom architecture, and breath-taking neighborhood coordinates. Ready to elevate your portfolio.', 3120000, 'apartment', 'off-plan', 'under-construction', 'Q2 2028', 5, 6, 8480, 3, 'Business Bay, Dubai', '00000000-0000-0000-0001-000000000005', '00000000-0000-0000-0000-000000000009', '00000000-0000-0000-0002-000000000005', 25.186400000000003, 55.276799999999994, '{"/assets/villa_render.png","/assets/penthouse_render.png","/assets/apartment_render.png","/assets/palm_jumeirah_render.png"}', '{"/assets/hero-video.mp4"}', NULL, '{"Heated Pool","Golf Simulator","Smart Home System","Gymnasium","Spa & Wellness"}', FALSE, '2026-04-21T08:14:38.594Z', '2026-07-01T08:14:38.594Z'),
('00000000-0000-0000-0003-00000000001e', 'One Apartment at Business Bay', 'one-apartment-at-business-bay-30', 'Immerse yourself in unmatched elegance with this premium Apartment crafted by Select Group. Nestled prime in Business Bay, this residence provides unparalleled finishes, custom architecture, and breath-taking neighborhood coordinates. Ready to elevate your portfolio.', 3200000, 'apartment', 'buy', 'ready', NULL, 1, 1, 4600, 2, 'Business Bay, Dubai', '00000000-0000-0000-0001-000000000005', '00000000-0000-0000-0000-00000000000a', '00000000-0000-0000-0002-000000000006', 25.177400000000002, 55.267799999999994, '{"/assets/penthouse_render.png","/assets/apartment_render.png","/assets/palm_jumeirah_render.png","/assets/villa_render.png"}', '{"/assets/hero-video.mp4"}', NULL, '{"Private Pool","Smart Home System","Gymnasium","Spa & Wellness","24/7 Concierge"}', FALSE, '2026-04-22T08:14:38.594Z', '2026-07-01T08:14:38.594Z'),
('00000000-0000-0000-0003-00000000001f', 'Aria Apartment at Business Bay', 'aria-apartment-at-business-bay-31', 'Immerse yourself in unmatched elegance with this premium Apartment crafted by Emaar Properties. Nestled prime in Business Bay, this residence provides unparalleled finishes, custom architecture, and breath-taking neighborhood coordinates. Ready to elevate your portfolio.', 3280000, 'apartment', 'buy', 'ready', NULL, 2, 3, 5720, 2, 'Business Bay, Dubai', '00000000-0000-0000-0001-000000000005', '00000000-0000-0000-0000-000000000001', '00000000-0000-0000-0002-000000000001', 25.1784, 55.2688, '{"/assets/apartment_render.png","/assets/palm_jumeirah_render.png","/assets/villa_render.png","/assets/penthouse_render.png"}', '{"/assets/hero-video.mp4"}', NULL, '{"Infinity Pool","Gymnasium","Spa & Wellness","24/7 Concierge","Valet Parking"}', FALSE, '2026-04-23T08:14:38.594Z', '2026-07-01T08:14:38.594Z'),
('00000000-0000-0000-0003-000000000020', 'Grand Apartment at Business Bay', 'grand-apartment-at-business-bay-32', 'Immerse yourself in unmatched elegance with this premium Apartment crafted by Sobha Realty. Nestled prime in Business Bay, this residence provides unparalleled finishes, custom architecture, and breath-taking neighborhood coordinates. Ready to elevate your portfolio.', 151200, 'apartment', 'rent', 'ready', NULL, 3, 3, 6840, 2, 'Business Bay, Dubai', '00000000-0000-0000-0001-000000000005', '00000000-0000-0000-0000-000000000002', '00000000-0000-0000-0002-000000000002', 25.1794, 55.2698, '{"/assets/palm_jumeirah_render.png","/assets/villa_render.png","/assets/penthouse_render.png","/assets/apartment_render.png"}', '{"/assets/hero-video.mp4"}', NULL, '{"Sky Pool","Spa & Wellness","24/7 Concierge","Valet Parking","High-speed Elevators"}', FALSE, '2026-04-24T08:14:38.594Z', '2026-07-01T08:14:38.594Z'),
('00000000-0000-0000-0003-000000000021', 'Vogue Apartment at Business Bay', 'vogue-apartment-at-business-bay-33', 'Immerse yourself in unmatched elegance with this premium Apartment crafted by DAMAC Properties. Nestled prime in Business Bay, this residence provides unparalleled finishes, custom architecture, and breath-taking neighborhood coordinates. Ready to elevate your portfolio.', 3440000, 'apartment', 'off-plan', 'under-construction', 'Q2 2026', 4, 5, 7960, 3, 'Business Bay, Dubai', '00000000-0000-0000-0001-000000000005', '00000000-0000-0000-0000-000000000003', '00000000-0000-0000-0002-000000000003', 25.180400000000002, 55.270799999999994, '{"/assets/villa_render.png","/assets/penthouse_render.png","/assets/apartment_render.png","/assets/palm_jumeirah_render.png"}', '{"/assets/hero-video.mp4"}', NULL, '{"Olympic Pool","24/7 Concierge","Valet Parking","High-speed Elevators","Landscaped Gardens"}', FALSE, '2026-04-25T08:14:38.594Z', '2026-07-01T08:14:38.594Z'),
('00000000-0000-0000-0003-000000000022', 'Waterfront Apartment at Business Bay', 'waterfront-apartment-at-business-bay-34', 'Immerse yourself in unmatched elegance with this premium Apartment crafted by Ellington Properties. Nestled prime in Business Bay, this residence provides unparalleled finishes, custom architecture, and breath-taking neighborhood coordinates. Ready to elevate your portfolio.', 3520000, 'apartment', 'buy', 'ready', NULL, 5, 5, 9080, 3, 'Business Bay, Dubai', '00000000-0000-0000-0001-000000000005', '00000000-0000-0000-0000-000000000004', '00000000-0000-0000-0002-000000000004', 25.1814, 55.2718, '{"/assets/penthouse_render.png","/assets/apartment_render.png","/assets/palm_jumeirah_render.png","/assets/villa_render.png"}', '{"/assets/hero-video.mp4"}', NULL, '{"Heated Pool","Valet Parking","High-speed Elevators","Landscaped Gardens","Kids Play Area"}', FALSE, '2026-04-26T08:14:38.594Z', '2026-07-01T08:14:38.594Z'),
('00000000-0000-0000-0003-000000000023', 'Crest Apartment at Business Bay', 'crest-apartment-at-business-bay-35', 'Immerse yourself in unmatched elegance with this premium Apartment crafted by Nakheel. Nestled prime in Business Bay, this residence provides unparalleled finishes, custom architecture, and breath-taking neighborhood coordinates. Ready to elevate your portfolio.', 3600000, 'apartment', 'buy', 'ready', NULL, 1, 2, 5200, 2, 'Business Bay, Dubai', '00000000-0000-0000-0001-000000000005', '00000000-0000-0000-0000-000000000005', '00000000-0000-0000-0002-000000000005', 25.1824, 55.2728, '{"/assets/apartment_render.png","/assets/palm_jumeirah_render.png","/assets/villa_render.png","/assets/penthouse_render.png"}', '{"/assets/hero-video.mp4"}', NULL, '{"Private Pool","High-speed Elevators","Landscaped Gardens","Kids Play Area","Barbecue Area"}', FALSE, '2026-04-27T08:14:38.594Z', '2026-07-01T08:14:38.594Z'),
('00000000-0000-0000-0003-000000000024', 'Crown Apartment at Jumeirah Beach Residence', 'crown-apartment-at-jumeirah-beach-residence-36', 'Immerse yourself in unmatched elegance with this premium Apartment crafted by Meraas. Nestled prime in Jumeirah Beach Residence, this residence provides unparalleled finishes, custom architecture, and breath-taking neighborhood coordinates. Ready to elevate your portfolio.', 165600, 'apartment', 'rent', 'ready', NULL, 2, 2, 6320, 2, 'Jumeirah Beach Residence, Dubai', '00000000-0000-0000-0001-000000000006', '00000000-0000-0000-0000-000000000006', '00000000-0000-0000-0002-000000000006', 25.0792, 55.1338, '{"/assets/palm_jumeirah_render.png","/assets/villa_render.png","/assets/penthouse_render.png","/assets/apartment_render.png"}', '{"/assets/hero-video.mp4"}', NULL, '{"Infinity Pool","Landscaped Gardens","Kids Play Area","Barbecue Area","Steam & Sauna Rooms"}', FALSE, '2026-04-28T08:14:38.594Z', '2026-07-01T08:14:38.594Z'),
('00000000-0000-0000-0003-000000000025', 'Azure Apartment at Jumeirah Beach Residence', 'azure-apartment-at-jumeirah-beach-residence-37', 'Immerse yourself in unmatched elegance with this premium Apartment crafted by Aldar Properties. Nestled prime in Jumeirah Beach Residence, this residence provides unparalleled finishes, custom architecture, and breath-taking neighborhood coordinates. Ready to elevate your portfolio.', 3760000, 'apartment', 'off-plan', 'under-construction', 'Q2 2027', 3, 4, 7440, 2, 'Jumeirah Beach Residence, Dubai', '00000000-0000-0000-0001-000000000006', '00000000-0000-0000-0000-000000000007', '00000000-0000-0000-0002-000000000001', 25.080199999999998, 55.134800000000006, '{"/assets/villa_render.png","/assets/penthouse_render.png","/assets/apartment_render.png","/assets/palm_jumeirah_render.png"}', '{"/assets/hero-video.mp4"}', NULL, '{"Sky Pool","Kids Play Area","Barbecue Area","Steam & Sauna Rooms","Residents Lounge"}', FALSE, '2026-04-29T08:14:38.594Z', '2026-07-01T08:14:38.594Z'),
('00000000-0000-0000-0003-000000000026', 'Majestic Apartment at Jumeirah Beach Residence', 'majestic-apartment-at-jumeirah-beach-residence-38', 'Immerse yourself in unmatched elegance with this premium Apartment crafted by Azizi Developments. Nestled prime in Jumeirah Beach Residence, this residence provides unparalleled finishes, custom architecture, and breath-taking neighborhood coordinates. Ready to elevate your portfolio.', 3840000, 'apartment', 'buy', 'ready', NULL, 4, 4, 8560, 3, 'Jumeirah Beach Residence, Dubai', '00000000-0000-0000-0001-000000000006', '00000000-0000-0000-0000-000000000008', '00000000-0000-0000-0002-000000000002', 25.0812, 55.1358, '{"/assets/penthouse_render.png","/assets/apartment_render.png","/assets/palm_jumeirah_render.png","/assets/villa_render.png"}', '{"/assets/hero-video.mp4"}', NULL, '{"Olympic Pool","Barbecue Area","Steam & Sauna Rooms","Residents Lounge","Cinema Room"}', FALSE, '2026-04-30T08:14:38.594Z', '2026-07-01T08:14:38.594Z'),
('00000000-0000-0000-0003-000000000027', 'Infinity Apartment at Jumeirah Beach Residence', 'infinity-apartment-at-jumeirah-beach-residence-39', 'Immerse yourself in unmatched elegance with this premium Apartment crafted by Omniyat. Nestled prime in Jumeirah Beach Residence, this residence provides unparalleled finishes, custom architecture, and breath-taking neighborhood coordinates. Ready to elevate your portfolio.', 3920000, 'apartment', 'buy', 'ready', NULL, 5, 6, 9680, 3, 'Jumeirah Beach Residence, Dubai', '00000000-0000-0000-0001-000000000006', '00000000-0000-0000-0000-000000000009', '00000000-0000-0000-0002-000000000003', 25.0822, 55.1368, '{"/assets/apartment_render.png","/assets/palm_jumeirah_render.png","/assets/villa_render.png","/assets/penthouse_render.png"}', '{"/assets/hero-video.mp4"}', NULL, '{"Heated Pool","Steam & Sauna Rooms","Residents Lounge","Cinema Room","Wine Cellar"}', FALSE, '2026-05-01T08:14:38.594Z', '2026-07-01T08:14:38.594Z'),
('00000000-0000-0000-0003-000000000028', 'Royal Apartment at Jumeirah Beach Residence', 'royal-apartment-at-jumeirah-beach-residence-40', 'Immerse yourself in unmatched elegance with this premium Apartment crafted by Select Group. Nestled prime in Jumeirah Beach Residence, this residence provides unparalleled finishes, custom architecture, and breath-taking neighborhood coordinates. Ready to elevate your portfolio.', 180000, 'apartment', 'rent', 'ready', NULL, 1, 1, 5800, 2, 'Jumeirah Beach Residence, Dubai', '00000000-0000-0000-0001-000000000006', '00000000-0000-0000-0000-00000000000a', '00000000-0000-0000-0002-000000000004', 25.0732, 55.1278, '{"/assets/palm_jumeirah_render.png","/assets/villa_render.png","/assets/penthouse_render.png","/assets/apartment_render.png"}', '{"/assets/hero-video.mp4"}', NULL, '{"Private Pool","Residents Lounge","Cinema Room","Wine Cellar","Tennis Court"}', FALSE, '2026-05-02T08:14:38.594Z', '2026-07-01T08:14:38.594Z'),
('00000000-0000-0000-0003-000000000029', 'Signature Villa at Jumeirah Beach Residence', 'signature-villa-at-jumeirah-beach-residence-41', 'Immerse yourself in unmatched elegance with this premium Villa crafted by Emaar Properties. Nestled prime in Jumeirah Beach Residence, this residence provides unparalleled finishes, custom architecture, and breath-taking neighborhood coordinates. Ready to elevate your portfolio.', 18300000, 'villa', 'off-plan', 'under-construction', 'Q2 2028', 4, 5, 8920, 3, 'Jumeirah Beach Residence, Dubai', '00000000-0000-0000-0001-000000000006', '00000000-0000-0000-0000-000000000001', '00000000-0000-0000-0002-000000000005', 25.074199999999998, 55.128800000000005, '{"/assets/villa_render.png","/assets/penthouse_render.png","/assets/apartment_render.png","/assets/palm_jumeirah_render.png"}', '{"/assets/hero-video.mp4"}', NULL, '{"Infinity Pool","Cinema Room","Wine Cellar","Tennis Court","Golf Simulator"}', FALSE, '2026-05-03T08:14:38.594Z', '2026-07-01T08:14:38.594Z'),
('00000000-0000-0000-0003-00000000002a', 'The Ritz Villa at Jumeirah Beach Residence', 'the-ritz-villa-at-jumeirah-beach-residence-42', 'Immerse yourself in unmatched elegance with this premium Villa crafted by Sobha Realty. Nestled prime in Jumeirah Beach Residence, this residence provides unparalleled finishes, custom architecture, and breath-taking neighborhood coordinates. Ready to elevate your portfolio.', 18600000, 'villa', 'buy', 'ready', NULL, 5, 5, 10040, 3, 'Jumeirah Beach Residence, Dubai', '00000000-0000-0000-0001-000000000006', '00000000-0000-0000-0000-000000000002', '00000000-0000-0000-0002-000000000006', 25.0752, 55.1298, '{"/assets/penthouse_render.png","/assets/apartment_render.png","/assets/palm_jumeirah_render.png","/assets/villa_render.png"}', '{"/assets/hero-video.mp4"}', NULL, '{"Sky Pool","Wine Cellar","Tennis Court","Golf Simulator","Smart Home System"}', FALSE, '2026-05-04T08:14:38.594Z', '2026-07-01T08:14:38.594Z'),
('00000000-0000-0000-0003-00000000002b', 'Residences at Villa at Dubai Creek Harbour', 'residences-at-villa-at-dubai-creek-harbour-43', 'Immerse yourself in unmatched elegance with this premium Villa crafted by DAMAC Properties. Nestled prime in Dubai Creek Harbour, this residence provides unparalleled finishes, custom architecture, and breath-taking neighborhood coordinates. Ready to elevate your portfolio.', 18900000, 'villa', 'buy', 'ready', NULL, 6, 7, 11160, 3, 'Dubai Creek Harbour, Dubai', '00000000-0000-0000-0001-000000000007', '00000000-0000-0000-0000-000000000003', '00000000-0000-0000-0002-000000000001', 25.1994, 55.3508, '{"/assets/apartment_render.png","/assets/palm_jumeirah_render.png","/assets/villa_render.png","/assets/penthouse_render.png"}', '{"/assets/hero-video.mp4"}', NULL, '{"Olympic Pool","Tennis Court","Golf Simulator","Smart Home System","Gymnasium"}', FALSE, '2026-05-05T08:14:38.594Z', '2026-07-01T08:14:38.594Z'),
('00000000-0000-0000-0003-00000000002c', 'Elite Villa at Dubai Creek Harbour', 'elite-villa-at-dubai-creek-harbour-44', 'Immerse yourself in unmatched elegance with this premium Villa crafted by Ellington Properties. Nestled prime in Dubai Creek Harbour, this residence provides unparalleled finishes, custom architecture, and breath-taking neighborhood coordinates. Ready to elevate your portfolio.', 864000, 'villa', 'rent', 'ready', NULL, 7, 7, 12280, 3, 'Dubai Creek Harbour, Dubai', '00000000-0000-0000-0001-000000000007', '00000000-0000-0000-0000-000000000004', '00000000-0000-0000-0002-000000000002', 25.2004, 55.351800000000004, '{"/assets/palm_jumeirah_render.png","/assets/villa_render.png","/assets/penthouse_render.png","/assets/apartment_render.png"}', '{"/assets/hero-video.mp4"}', NULL, '{"Heated Pool","Golf Simulator","Smart Home System","Gymnasium","Spa & Wellness"}', FALSE, '2026-05-06T08:14:38.594Z', '2026-07-01T08:14:38.594Z'),
('00000000-0000-0000-0003-00000000002d', 'Skyline Villa at Dubai Creek Harbour', 'skyline-villa-at-dubai-creek-harbour-45', 'Immerse yourself in unmatched elegance with this premium Villa crafted by Nakheel. Nestled prime in Dubai Creek Harbour, this residence provides unparalleled finishes, custom architecture, and breath-taking neighborhood coordinates. Ready to elevate your portfolio.', 19500000, 'villa', 'off-plan', 'under-construction', 'Q2 2026', 3, 4, 8400, 2, 'Dubai Creek Harbour, Dubai', '00000000-0000-0000-0001-000000000007', '00000000-0000-0000-0000-000000000005', '00000000-0000-0000-0002-000000000003', 25.2014, 55.3528, '{"/assets/villa_render.png","/assets/penthouse_render.png","/assets/apartment_render.png","/assets/palm_jumeirah_render.png"}', '{"/assets/hero-video.mp4"}', NULL, '{"Private Pool","Smart Home System","Gymnasium","Spa & Wellness","24/7 Concierge"}', FALSE, '2026-05-07T08:14:38.594Z', '2026-07-01T08:14:38.594Z'),
('00000000-0000-0000-0003-00000000002e', 'Oceanfront Villa at Dubai Creek Harbour', 'oceanfront-villa-at-dubai-creek-harbour-46', 'Immerse yourself in unmatched elegance with this premium Villa crafted by Meraas. Nestled prime in Dubai Creek Harbour, this residence provides unparalleled finishes, custom architecture, and breath-taking neighborhood coordinates. Ready to elevate your portfolio.', 19800000, 'villa', 'buy', 'ready', NULL, 4, 4, 9520, 3, 'Dubai Creek Harbour, Dubai', '00000000-0000-0000-0001-000000000007', '00000000-0000-0000-0000-000000000006', '00000000-0000-0000-0002-000000000004', 25.2024, 55.3538, '{"/assets/penthouse_render.png","/assets/apartment_render.png","/assets/palm_jumeirah_render.png","/assets/villa_render.png"}', '{"/assets/hero-video.mp4"}', NULL, '{"Infinity Pool","Gymnasium","Spa & Wellness","24/7 Concierge","Valet Parking"}', FALSE, '2026-05-08T08:14:38.594Z', '2026-07-01T08:14:38.594Z'),
('00000000-0000-0000-0003-00000000002f', 'Serene Villa at Dubai Creek Harbour', 'serene-villa-at-dubai-creek-harbour-47', 'Immerse yourself in unmatched elegance with this premium Villa crafted by Aldar Properties. Nestled prime in Dubai Creek Harbour, this residence provides unparalleled finishes, custom architecture, and breath-taking neighborhood coordinates. Ready to elevate your portfolio.', 20100000, 'villa', 'buy', 'ready', NULL, 5, 6, 10640, 3, 'Dubai Creek Harbour, Dubai', '00000000-0000-0000-0001-000000000007', '00000000-0000-0000-0000-000000000007', '00000000-0000-0000-0002-000000000005', 25.2034, 55.354800000000004, '{"/assets/apartment_render.png","/assets/palm_jumeirah_render.png","/assets/villa_render.png","/assets/penthouse_render.png"}', '{"/assets/hero-video.mp4"}', NULL, '{"Sky Pool","Spa & Wellness","24/7 Concierge","Valet Parking","High-speed Elevators"}', FALSE, '2026-05-09T08:14:38.594Z', '2026-07-01T08:14:38.594Z'),
('00000000-0000-0000-0003-000000000030', 'Emerald Villa at Dubai Creek Harbour', 'emerald-villa-at-dubai-creek-harbour-48', 'Immerse yourself in unmatched elegance with this premium Villa crafted by Azizi Developments. Nestled prime in Dubai Creek Harbour, this residence provides unparalleled finishes, custom architecture, and breath-taking neighborhood coordinates. Ready to elevate your portfolio.', 918000, 'villa', 'rent', 'ready', NULL, 6, 6, 11760, 3, 'Dubai Creek Harbour, Dubai', '00000000-0000-0000-0001-000000000007', '00000000-0000-0000-0000-000000000008', '00000000-0000-0000-0002-000000000006', 25.2044, 55.3558, '{"/assets/palm_jumeirah_render.png","/assets/villa_render.png","/assets/penthouse_render.png","/assets/apartment_render.png"}', '{"/assets/hero-video.mp4"}', NULL, '{"Olympic Pool","24/7 Concierge","Valet Parking","High-speed Elevators","Landscaped Gardens"}', FALSE, '2026-05-10T08:14:38.594Z', '2026-07-01T08:14:38.594Z'),
('00000000-0000-0000-0003-000000000031', 'Marquis Villa at Dubai Creek Harbour', 'marquis-villa-at-dubai-creek-harbour-49', 'Immerse yourself in unmatched elegance with this premium Villa crafted by Omniyat. Nestled prime in Dubai Creek Harbour, this residence provides unparalleled finishes, custom architecture, and breath-taking neighborhood coordinates. Ready to elevate your portfolio.', 20700000, 'villa', 'off-plan', 'under-construction', 'Q2 2027', 7, 8, 12880, 3, 'Dubai Creek Harbour, Dubai', '00000000-0000-0000-0001-000000000007', '00000000-0000-0000-0000-000000000009', '00000000-0000-0000-0002-000000000001', 25.2054, 55.3568, '{"/assets/villa_render.png","/assets/penthouse_render.png","/assets/apartment_render.png","/assets/palm_jumeirah_render.png"}', '{"/assets/hero-video.mp4"}', NULL, '{"Heated Pool","Valet Parking","High-speed Elevators","Landscaped Gardens","Kids Play Area"}', FALSE, '2026-05-11T08:14:38.594Z', '2026-07-01T08:14:38.594Z'),
('00000000-0000-0000-0003-000000000032', 'One Villa at MBR City', 'one-villa-at-mbr-city-50', 'Immerse yourself in unmatched elegance with this premium Villa crafted by Select Group. Nestled prime in MBR City, this residence provides unparalleled finishes, custom architecture, and breath-taking neighborhood coordinates. Ready to elevate your portfolio.', 21000000, 'villa', 'buy', 'ready', NULL, 3, 3, 9000, 2, 'MBR City, Dubai', '00000000-0000-0000-0001-000000000008', '00000000-0000-0000-0000-00000000000a', '00000000-0000-0000-0002-000000000002', 25.145400000000002, 55.303799999999995, '{"/assets/penthouse_render.png","/assets/apartment_render.png","/assets/palm_jumeirah_render.png","/assets/villa_render.png"}', '{"/assets/hero-video.mp4"}', NULL, '{"Private Pool","High-speed Elevators","Landscaped Gardens","Kids Play Area","Barbecue Area"}', FALSE, '2026-05-12T08:14:38.594Z', '2026-07-01T08:14:38.594Z'),
('00000000-0000-0000-0003-000000000033', 'Aria Villa at MBR City', 'aria-villa-at-mbr-city-51', 'Immerse yourself in unmatched elegance with this premium Villa crafted by Emaar Properties. Nestled prime in MBR City, this residence provides unparalleled finishes, custom architecture, and breath-taking neighborhood coordinates. Ready to elevate your portfolio.', 21300000, 'villa', 'buy', 'ready', NULL, 4, 5, 10120, 3, 'MBR City, Dubai', '00000000-0000-0000-0001-000000000008', '00000000-0000-0000-0000-000000000001', '00000000-0000-0000-0002-000000000003', 25.1464, 55.3048, '{"/assets/apartment_render.png","/assets/palm_jumeirah_render.png","/assets/villa_render.png","/assets/penthouse_render.png"}', '{"/assets/hero-video.mp4"}', NULL, '{"Infinity Pool","Landscaped Gardens","Kids Play Area","Barbecue Area","Steam & Sauna Rooms"}', FALSE, '2026-05-13T08:14:38.594Z', '2026-07-01T08:14:38.594Z'),
('00000000-0000-0000-0003-000000000034', 'Grand Villa at MBR City', 'grand-villa-at-mbr-city-52', 'Immerse yourself in unmatched elegance with this premium Villa crafted by Sobha Realty. Nestled prime in MBR City, this residence provides unparalleled finishes, custom architecture, and breath-taking neighborhood coordinates. Ready to elevate your portfolio.', 972000, 'villa', 'rent', 'ready', NULL, 5, 5, 11240, 3, 'MBR City, Dubai', '00000000-0000-0000-0001-000000000008', '00000000-0000-0000-0000-000000000002', '00000000-0000-0000-0002-000000000004', 25.1474, 55.3058, '{"/assets/palm_jumeirah_render.png","/assets/villa_render.png","/assets/penthouse_render.png","/assets/apartment_render.png"}', '{"/assets/hero-video.mp4"}', NULL, '{"Sky Pool","Kids Play Area","Barbecue Area","Steam & Sauna Rooms","Residents Lounge"}', FALSE, '2026-05-14T08:14:38.594Z', '2026-07-01T08:14:38.594Z'),
('00000000-0000-0000-0003-000000000035', 'Vogue Villa at MBR City', 'vogue-villa-at-mbr-city-53', 'Immerse yourself in unmatched elegance with this premium Villa crafted by DAMAC Properties. Nestled prime in MBR City, this residence provides unparalleled finishes, custom architecture, and breath-taking neighborhood coordinates. Ready to elevate your portfolio.', 21900000, 'villa', 'off-plan', 'under-construction', 'Q2 2028', 6, 7, 12360, 3, 'MBR City, Dubai', '00000000-0000-0000-0001-000000000008', '00000000-0000-0000-0000-000000000003', '00000000-0000-0000-0002-000000000005', 25.148400000000002, 55.306799999999996, '{"/assets/villa_render.png","/assets/penthouse_render.png","/assets/apartment_render.png","/assets/palm_jumeirah_render.png"}', '{"/assets/hero-video.mp4"}', NULL, '{"Olympic Pool","Barbecue Area","Steam & Sauna Rooms","Residents Lounge","Cinema Room"}', FALSE, '2026-05-15T08:14:38.594Z', '2026-07-01T08:14:38.594Z'),
('00000000-0000-0000-0003-000000000036', 'Waterfront Villa at MBR City', 'waterfront-villa-at-mbr-city-54', 'Immerse yourself in unmatched elegance with this premium Villa crafted by Ellington Properties. Nestled prime in MBR City, this residence provides unparalleled finishes, custom architecture, and breath-taking neighborhood coordinates. Ready to elevate your portfolio.', 22200000, 'villa', 'buy', 'ready', NULL, 7, 7, 13480, 3, 'MBR City, Dubai', '00000000-0000-0000-0001-000000000008', '00000000-0000-0000-0000-000000000004', '00000000-0000-0000-0002-000000000006', 25.1494, 55.3078, '{"/assets/penthouse_render.png","/assets/apartment_render.png","/assets/palm_jumeirah_render.png","/assets/villa_render.png"}', '{"/assets/hero-video.mp4"}', NULL, '{"Heated Pool","Steam & Sauna Rooms","Residents Lounge","Cinema Room","Wine Cellar"}', FALSE, '2026-05-16T08:14:38.594Z', '2026-07-01T08:14:38.594Z'),
('00000000-0000-0000-0003-000000000037', 'Crest Villa at MBR City', 'crest-villa-at-mbr-city-55', 'Immerse yourself in unmatched elegance with this premium Villa crafted by Nakheel. Nestled prime in MBR City, this residence provides unparalleled finishes, custom architecture, and breath-taking neighborhood coordinates. Ready to elevate your portfolio.', 22500000, 'villa', 'buy', 'ready', NULL, 3, 4, 9600, 2, 'MBR City, Dubai', '00000000-0000-0000-0001-000000000008', '00000000-0000-0000-0000-000000000005', '00000000-0000-0000-0002-000000000001', 25.1504, 55.3088, '{"/assets/apartment_render.png","/assets/palm_jumeirah_render.png","/assets/villa_render.png","/assets/penthouse_render.png"}', '{"/assets/hero-video.mp4"}', NULL, '{"Private Pool","Residents Lounge","Cinema Room","Wine Cellar","Tennis Court"}', FALSE, '2026-05-17T08:14:38.594Z', '2026-07-01T08:14:38.594Z'),
('00000000-0000-0000-0003-000000000038', 'Crown Villa at MBR City', 'crown-villa-at-mbr-city-56', 'Immerse yourself in unmatched elegance with this premium Villa crafted by Meraas. Nestled prime in MBR City, this residence provides unparalleled finishes, custom architecture, and breath-taking neighborhood coordinates. Ready to elevate your portfolio.', 1026000, 'villa', 'rent', 'ready', NULL, 4, 4, 10720, 3, 'MBR City, Dubai', '00000000-0000-0000-0001-000000000008', '00000000-0000-0000-0000-000000000006', '00000000-0000-0000-0002-000000000002', 25.151400000000002, 55.309799999999996, '{"/assets/palm_jumeirah_render.png","/assets/villa_render.png","/assets/penthouse_render.png","/assets/apartment_render.png"}', '{"/assets/hero-video.mp4"}', NULL, '{"Infinity Pool","Cinema Room","Wine Cellar","Tennis Court","Golf Simulator"}', FALSE, '2026-05-18T08:14:38.594Z', '2026-07-01T08:14:38.594Z'),
('00000000-0000-0000-0003-000000000039', 'Azure Villa at Arabian Ranches', 'azure-villa-at-arabian-ranches-57', 'Immerse yourself in unmatched elegance with this premium Villa crafted by Aldar Properties. Nestled prime in Arabian Ranches, this residence provides unparalleled finishes, custom architecture, and breath-taking neighborhood coordinates. Ready to elevate your portfolio.', 23100000, 'villa', 'off-plan', 'under-construction', 'Q2 2026', 5, 6, 11840, 3, 'Arabian Ranches, Dubai', '00000000-0000-0000-0001-000000000009', '00000000-0000-0000-0000-000000000007', '00000000-0000-0000-0002-000000000003', 25.0364, 55.2828, '{"/assets/villa_render.png","/assets/penthouse_render.png","/assets/apartment_render.png","/assets/palm_jumeirah_render.png"}', '{"/assets/hero-video.mp4"}', NULL, '{"Sky Pool","Wine Cellar","Tennis Court","Golf Simulator","Smart Home System"}', FALSE, '2026-05-19T08:14:38.594Z', '2026-07-01T08:14:38.594Z'),
('00000000-0000-0000-0003-00000000003a', 'Majestic Villa at Arabian Ranches', 'majestic-villa-at-arabian-ranches-58', 'Immerse yourself in unmatched elegance with this premium Villa crafted by Azizi Developments. Nestled prime in Arabian Ranches, this residence provides unparalleled finishes, custom architecture, and breath-taking neighborhood coordinates. Ready to elevate your portfolio.', 23400000, 'villa', 'buy', 'ready', NULL, 6, 6, 12960, 3, 'Arabian Ranches, Dubai', '00000000-0000-0000-0001-000000000009', '00000000-0000-0000-0000-000000000008', '00000000-0000-0000-0002-000000000004', 25.0374, 55.2838, '{"/assets/penthouse_render.png","/assets/apartment_render.png","/assets/palm_jumeirah_render.png","/assets/villa_render.png"}', '{"/assets/hero-video.mp4"}', NULL, '{"Olympic Pool","Tennis Court","Golf Simulator","Smart Home System","Gymnasium"}', FALSE, '2026-05-20T08:14:38.594Z', '2026-07-01T08:14:38.594Z'),
('00000000-0000-0000-0003-00000000003b', 'Infinity Villa at Arabian Ranches', 'infinity-villa-at-arabian-ranches-59', 'Immerse yourself in unmatched elegance with this premium Villa crafted by Omniyat. Nestled prime in Arabian Ranches, this residence provides unparalleled finishes, custom architecture, and breath-taking neighborhood coordinates. Ready to elevate your portfolio.', 23700000, 'villa', 'buy', 'ready', NULL, 7, 8, 14080, 3, 'Arabian Ranches, Dubai', '00000000-0000-0000-0001-000000000009', '00000000-0000-0000-0000-000000000009', '00000000-0000-0000-0002-000000000005', 25.038400000000003, 55.2848, '{"/assets/apartment_render.png","/assets/palm_jumeirah_render.png","/assets/villa_render.png","/assets/penthouse_render.png"}', '{"/assets/hero-video.mp4"}', NULL, '{"Heated Pool","Golf Simulator","Smart Home System","Gymnasium","Spa & Wellness"}', FALSE, '2026-05-21T08:14:38.594Z', '2026-07-01T08:14:38.594Z'),
('00000000-0000-0000-0003-00000000003c', 'Royal Villa at Arabian Ranches', 'royal-villa-at-arabian-ranches-60', 'Immerse yourself in unmatched elegance with this premium Villa crafted by Select Group. Nestled prime in Arabian Ranches, this residence provides unparalleled finishes, custom architecture, and breath-taking neighborhood coordinates. Ready to elevate your portfolio.', 1080000, 'villa', 'rent', 'ready', NULL, 3, 3, 10200, 2, 'Arabian Ranches, Dubai', '00000000-0000-0000-0001-000000000009', '00000000-0000-0000-0000-00000000000a', '00000000-0000-0000-0002-000000000006', 25.029400000000003, 55.2758, '{"/assets/palm_jumeirah_render.png","/assets/villa_render.png","/assets/penthouse_render.png","/assets/apartment_render.png"}', '{"/assets/hero-video.mp4"}', NULL, '{"Private Pool","Smart Home System","Gymnasium","Spa & Wellness","24/7 Concierge"}', FALSE, '2026-05-22T08:14:38.594Z', '2026-07-01T08:14:38.594Z'),
('00000000-0000-0000-0003-00000000003d', 'Signature Penthouse at Arabian Ranches', 'signature-penthouse-at-arabian-ranches-61', 'Immerse yourself in unmatched elegance with this premium Penthouse crafted by Emaar Properties. Nestled prime in Arabian Ranches, this residence provides unparalleled finishes, custom architecture, and breath-taking neighborhood coordinates. Ready to elevate your portfolio.', 42500000, 'penthouse', 'off-plan', 'under-construction', 'Q2 2027', 4, 5, 11320, 3, 'Arabian Ranches, Dubai', '00000000-0000-0000-0001-000000000009', '00000000-0000-0000-0000-000000000001', '00000000-0000-0000-0002-000000000001', 25.0304, 55.2768, '{"/assets/villa_render.png","/assets/penthouse_render.png","/assets/apartment_render.png","/assets/palm_jumeirah_render.png"}', '{"/assets/hero-video.mp4"}', NULL, '{"Infinity Pool","Gymnasium","Spa & Wellness","24/7 Concierge","Valet Parking"}', FALSE, '2026-05-23T08:14:38.594Z', '2026-07-01T08:14:38.594Z'),
('00000000-0000-0000-0003-00000000003e', 'The Ritz Penthouse at Arabian Ranches', 'the-ritz-penthouse-at-arabian-ranches-62', 'Immerse yourself in unmatched elegance with this premium Penthouse crafted by Sobha Realty. Nestled prime in Arabian Ranches, this residence provides unparalleled finishes, custom architecture, and breath-taking neighborhood coordinates. Ready to elevate your portfolio.', 43000000, 'penthouse', 'buy', 'ready', NULL, 5, 5, 12440, 3, 'Arabian Ranches, Dubai', '00000000-0000-0000-0001-000000000009', '00000000-0000-0000-0000-000000000002', '00000000-0000-0000-0002-000000000002', 25.0314, 55.2778, '{"/assets/penthouse_render.png","/assets/apartment_render.png","/assets/palm_jumeirah_render.png","/assets/villa_render.png"}', '{"/assets/hero-video.mp4"}', NULL, '{"Sky Pool","Spa & Wellness","24/7 Concierge","Valet Parking","High-speed Elevators"}', FALSE, '2026-05-24T08:14:38.594Z', '2026-07-01T08:14:38.594Z'),
('00000000-0000-0000-0003-00000000003f', 'Residences at Penthouse at Arabian Ranches', 'residences-at-penthouse-at-arabian-ranches-63', 'Immerse yourself in unmatched elegance with this premium Penthouse crafted by DAMAC Properties. Nestled prime in Arabian Ranches, this residence provides unparalleled finishes, custom architecture, and breath-taking neighborhood coordinates. Ready to elevate your portfolio.', 43500000, 'penthouse', 'buy', 'ready', NULL, 6, 7, 13560, 3, 'Arabian Ranches, Dubai', '00000000-0000-0000-0001-000000000009', '00000000-0000-0000-0000-000000000003', '00000000-0000-0000-0002-000000000003', 25.032400000000003, 55.2788, '{"/assets/apartment_render.png","/assets/palm_jumeirah_render.png","/assets/villa_render.png","/assets/penthouse_render.png"}', '{"/assets/hero-video.mp4"}', NULL, '{"Olympic Pool","24/7 Concierge","Valet Parking","High-speed Elevators","Landscaped Gardens"}', FALSE, '2026-05-25T08:14:38.594Z', '2026-07-01T08:14:38.594Z'),
('00000000-0000-0000-0003-000000000040', 'Elite Penthouse at DIFC', 'elite-penthouse-at-difc-64', 'Immerse yourself in unmatched elegance with this premium Penthouse crafted by Ellington Properties. Nestled prime in DIFC, this residence provides unparalleled finishes, custom architecture, and breath-taking neighborhood coordinates. Ready to elevate your portfolio.', 1980000, 'penthouse', 'rent', 'ready', NULL, 7, 7, 14680, 3, 'DIFC, Dubai', '00000000-0000-0000-0001-00000000000a', '00000000-0000-0000-0000-000000000004', '00000000-0000-0000-0002-000000000004', 25.214399999999998, 55.2808, '{"/assets/palm_jumeirah_render.png","/assets/villa_render.png","/assets/penthouse_render.png","/assets/apartment_render.png"}', '{"/assets/hero-video.mp4"}', NULL, '{"Heated Pool","Valet Parking","High-speed Elevators","Landscaped Gardens","Kids Play Area"}', FALSE, '2026-05-26T08:14:38.594Z', '2026-07-01T08:14:38.594Z'),
('00000000-0000-0000-0003-000000000041', 'Skyline Penthouse at DIFC', 'skyline-penthouse-at-difc-65', 'Immerse yourself in unmatched elegance with this premium Penthouse crafted by Nakheel. Nestled prime in DIFC, this residence provides unparalleled finishes, custom architecture, and breath-taking neighborhood coordinates. Ready to elevate your portfolio.', 44500000, 'penthouse', 'off-plan', 'under-construction', 'Q2 2028', 3, 4, 10800, 2, 'DIFC, Dubai', '00000000-0000-0000-0001-00000000000a', '00000000-0000-0000-0000-000000000005', '00000000-0000-0000-0002-000000000005', 25.2154, 55.2818, '{"/assets/villa_render.png","/assets/penthouse_render.png","/assets/apartment_render.png","/assets/palm_jumeirah_render.png"}', '{"/assets/hero-video.mp4"}', NULL, '{"Private Pool","High-speed Elevators","Landscaped Gardens","Kids Play Area","Barbecue Area"}', FALSE, '2026-05-27T08:14:38.594Z', '2026-07-01T08:14:38.594Z'),
('00000000-0000-0000-0003-000000000042', 'Oceanfront Penthouse at DIFC', 'oceanfront-penthouse-at-difc-66', 'Immerse yourself in unmatched elegance with this premium Penthouse crafted by Meraas. Nestled prime in DIFC, this residence provides unparalleled finishes, custom architecture, and breath-taking neighborhood coordinates. Ready to elevate your portfolio.', 45000000, 'penthouse', 'buy', 'ready', NULL, 4, 4, 11920, 3, 'DIFC, Dubai', '00000000-0000-0000-0001-00000000000a', '00000000-0000-0000-0000-000000000006', '00000000-0000-0000-0002-000000000006', 25.2164, 55.282799999999995, '{"/assets/penthouse_render.png","/assets/apartment_render.png","/assets/palm_jumeirah_render.png","/assets/villa_render.png"}', '{"/assets/hero-video.mp4"}', NULL, '{"Infinity Pool","Landscaped Gardens","Kids Play Area","Barbecue Area","Steam & Sauna Rooms"}', FALSE, '2026-05-28T08:14:38.594Z', '2026-07-01T08:14:38.594Z'),
('00000000-0000-0000-0003-000000000043', 'Serene Penthouse at DIFC', 'serene-penthouse-at-difc-67', 'Immerse yourself in unmatched elegance with this premium Penthouse crafted by Aldar Properties. Nestled prime in DIFC, this residence provides unparalleled finishes, custom architecture, and breath-taking neighborhood coordinates. Ready to elevate your portfolio.', 45500000, 'penthouse', 'buy', 'ready', NULL, 5, 6, 13040, 3, 'DIFC, Dubai', '00000000-0000-0000-0001-00000000000a', '00000000-0000-0000-0000-000000000007', '00000000-0000-0000-0002-000000000001', 25.217399999999998, 55.2838, '{"/assets/apartment_render.png","/assets/palm_jumeirah_render.png","/assets/villa_render.png","/assets/penthouse_render.png"}', '{"/assets/hero-video.mp4"}', NULL, '{"Sky Pool","Kids Play Area","Barbecue Area","Steam & Sauna Rooms","Residents Lounge"}', FALSE, '2026-05-29T08:14:38.594Z', '2026-07-01T08:14:38.594Z'),
('00000000-0000-0000-0003-000000000044', 'Emerald Penthouse at DIFC', 'emerald-penthouse-at-difc-68', 'Immerse yourself in unmatched elegance with this premium Penthouse crafted by Azizi Developments. Nestled prime in DIFC, this residence provides unparalleled finishes, custom architecture, and breath-taking neighborhood coordinates. Ready to elevate your portfolio.', 2070000, 'penthouse', 'rent', 'ready', NULL, 6, 6, 14160, 3, 'DIFC, Dubai', '00000000-0000-0000-0001-00000000000a', '00000000-0000-0000-0000-000000000008', '00000000-0000-0000-0002-000000000002', 25.2184, 55.2848, '{"/assets/palm_jumeirah_render.png","/assets/villa_render.png","/assets/penthouse_render.png","/assets/apartment_render.png"}', '{"/assets/hero-video.mp4"}', NULL, '{"Olympic Pool","Barbecue Area","Steam & Sauna Rooms","Residents Lounge","Cinema Room"}', FALSE, '2026-05-30T08:14:38.594Z', '2026-07-01T08:14:38.594Z'),
('00000000-0000-0000-0003-000000000045', 'Marquis Penthouse at DIFC', 'marquis-penthouse-at-difc-69', 'Immerse yourself in unmatched elegance with this premium Penthouse crafted by Omniyat. Nestled prime in DIFC, this residence provides unparalleled finishes, custom architecture, and breath-taking neighborhood coordinates. Ready to elevate your portfolio.', 46500000, 'penthouse', 'off-plan', 'under-construction', 'Q2 2026', 7, 8, 15280, 3, 'DIFC, Dubai', '00000000-0000-0000-0001-00000000000a', '00000000-0000-0000-0000-000000000009', '00000000-0000-0000-0002-000000000003', 25.2194, 55.285799999999995, '{"/assets/villa_render.png","/assets/penthouse_render.png","/assets/apartment_render.png","/assets/palm_jumeirah_render.png"}', '{"/assets/hero-video.mp4"}', NULL, '{"Heated Pool","Steam & Sauna Rooms","Residents Lounge","Cinema Room","Wine Cellar"}', FALSE, '2026-05-31T08:14:38.594Z', '2026-07-01T08:14:38.594Z'),
('00000000-0000-0000-0003-000000000046', 'One Penthouse at DIFC', 'one-penthouse-at-difc-70', 'Immerse yourself in unmatched elegance with this premium Penthouse crafted by Select Group. Nestled prime in DIFC, this residence provides unparalleled finishes, custom architecture, and breath-taking neighborhood coordinates. Ready to elevate your portfolio.', 47000000, 'penthouse', 'buy', 'ready', NULL, 3, 3, 11400, 2, 'DIFC, Dubai', '00000000-0000-0000-0001-00000000000a', '00000000-0000-0000-0000-00000000000a', '00000000-0000-0000-0002-000000000004', 25.2104, 55.276799999999994, '{"/assets/penthouse_render.png","/assets/apartment_render.png","/assets/palm_jumeirah_render.png","/assets/villa_render.png"}', '{"/assets/hero-video.mp4"}', NULL, '{"Private Pool","Residents Lounge","Cinema Room","Wine Cellar","Tennis Court"}', FALSE, '2026-06-01T08:14:38.594Z', '2026-07-01T08:14:38.594Z'),
('00000000-0000-0000-0003-000000000047', 'Aria Penthouse at Jumeirah Village Circle', 'aria-penthouse-at-jumeirah-village-circle-71', 'Immerse yourself in unmatched elegance with this premium Penthouse crafted by Emaar Properties. Nestled prime in Jumeirah Village Circle, this residence provides unparalleled finishes, custom architecture, and breath-taking neighborhood coordinates. Ready to elevate your portfolio.', 47500000, 'penthouse', 'buy', 'ready', NULL, 4, 5, 12520, 3, 'Jumeirah Village Circle, Dubai', '00000000-0000-0000-0001-00000000000b', '00000000-0000-0000-0000-000000000001', '00000000-0000-0000-0002-000000000005', 25.054399999999998, 55.198800000000006, '{"/assets/apartment_render.png","/assets/palm_jumeirah_render.png","/assets/villa_render.png","/assets/penthouse_render.png"}', '{"/assets/hero-video.mp4"}', NULL, '{"Infinity Pool","Cinema Room","Wine Cellar","Tennis Court","Golf Simulator"}', FALSE, '2026-06-02T08:14:38.594Z', '2026-07-01T08:14:38.594Z'),
('00000000-0000-0000-0003-000000000048', 'Grand Penthouse at Jumeirah Village Circle', 'grand-penthouse-at-jumeirah-village-circle-72', 'Immerse yourself in unmatched elegance with this premium Penthouse crafted by Sobha Realty. Nestled prime in Jumeirah Village Circle, this residence provides unparalleled finishes, custom architecture, and breath-taking neighborhood coordinates. Ready to elevate your portfolio.', 2160000, 'penthouse', 'rent', 'ready', NULL, 5, 5, 13640, 3, 'Jumeirah Village Circle, Dubai', '00000000-0000-0000-0001-00000000000b', '00000000-0000-0000-0000-000000000002', '00000000-0000-0000-0002-000000000006', 25.0554, 55.1998, '{"/assets/palm_jumeirah_render.png","/assets/villa_render.png","/assets/penthouse_render.png","/assets/apartment_render.png"}', '{"/assets/hero-video.mp4"}', NULL, '{"Sky Pool","Wine Cellar","Tennis Court","Golf Simulator","Smart Home System"}', FALSE, '2026-06-03T08:14:38.594Z', '2026-07-01T08:14:38.594Z'),
('00000000-0000-0000-0003-000000000049', 'Vogue Penthouse at Jumeirah Village Circle', 'vogue-penthouse-at-jumeirah-village-circle-73', 'Immerse yourself in unmatched elegance with this premium Penthouse crafted by DAMAC Properties. Nestled prime in Jumeirah Village Circle, this residence provides unparalleled finishes, custom architecture, and breath-taking neighborhood coordinates. Ready to elevate your portfolio.', 48500000, 'penthouse', 'off-plan', 'under-construction', 'Q2 2027', 6, 7, 14760, 3, 'Jumeirah Village Circle, Dubai', '00000000-0000-0000-0001-00000000000b', '00000000-0000-0000-0000-000000000003', '00000000-0000-0000-0002-000000000001', 25.0564, 55.2008, '{"/assets/villa_render.png","/assets/penthouse_render.png","/assets/apartment_render.png","/assets/palm_jumeirah_render.png"}', '{"/assets/hero-video.mp4"}', NULL, '{"Olympic Pool","Tennis Court","Golf Simulator","Smart Home System","Gymnasium"}', FALSE, '2026-06-04T08:14:38.594Z', '2026-07-01T08:14:38.594Z'),
('00000000-0000-0000-0003-00000000004a', 'Waterfront Penthouse at Jumeirah Village Circle', 'waterfront-penthouse-at-jumeirah-village-circle-74', 'Immerse yourself in unmatched elegance with this premium Penthouse crafted by Ellington Properties. Nestled prime in Jumeirah Village Circle, this residence provides unparalleled finishes, custom architecture, and breath-taking neighborhood coordinates. Ready to elevate your portfolio.', 49000000, 'penthouse', 'buy', 'ready', NULL, 7, 7, 15880, 3, 'Jumeirah Village Circle, Dubai', '00000000-0000-0000-0001-00000000000b', '00000000-0000-0000-0000-000000000004', '00000000-0000-0000-0002-000000000002', 25.057399999999998, 55.201800000000006, '{"/assets/penthouse_render.png","/assets/apartment_render.png","/assets/palm_jumeirah_render.png","/assets/villa_render.png"}', '{"/assets/hero-video.mp4"}', NULL, '{"Heated Pool","Golf Simulator","Smart Home System","Gymnasium","Spa & Wellness"}', FALSE, '2026-06-05T08:14:38.594Z', '2026-07-01T08:14:38.594Z'),
('00000000-0000-0000-0003-00000000004b', 'Crest Penthouse at Jumeirah Village Circle', 'crest-penthouse-at-jumeirah-village-circle-75', 'Immerse yourself in unmatched elegance with this premium Penthouse crafted by Nakheel. Nestled prime in Jumeirah Village Circle, this residence provides unparalleled finishes, custom architecture, and breath-taking neighborhood coordinates. Ready to elevate your portfolio.', 49500000, 'penthouse', 'buy', 'ready', NULL, 3, 4, 12000, 2, 'Jumeirah Village Circle, Dubai', '00000000-0000-0000-0001-00000000000b', '00000000-0000-0000-0000-000000000005', '00000000-0000-0000-0002-000000000003', 25.0584, 55.2028, '{"/assets/apartment_render.png","/assets/palm_jumeirah_render.png","/assets/villa_render.png","/assets/penthouse_render.png"}', '{"/assets/hero-video.mp4"}', NULL, '{"Private Pool","Smart Home System","Gymnasium","Spa & Wellness","24/7 Concierge"}', FALSE, '2026-06-06T08:14:38.594Z', '2026-07-01T08:14:38.594Z'),
('00000000-0000-0000-0003-00000000004c', 'Crown Townhouse at Jumeirah Village Circle', 'crown-townhouse-at-jumeirah-village-circle-76', 'Immerse yourself in unmatched elegance with this premium Townhouse crafted by Meraas. Nestled prime in Jumeirah Village Circle, this residence provides unparalleled finishes, custom architecture, and breath-taking neighborhood coordinates. Ready to elevate your portfolio.', 648000, 'townhouse', 'rent', 'ready', NULL, 2, 2, 11120, 2, 'Jumeirah Village Circle, Dubai', '00000000-0000-0000-0001-00000000000b', '00000000-0000-0000-0000-000000000006', '00000000-0000-0000-0002-000000000004', 25.0594, 55.2038, '{"/assets/palm_jumeirah_render.png","/assets/villa_render.png","/assets/penthouse_render.png","/assets/apartment_render.png"}', '{"/assets/hero-video.mp4"}', NULL, '{"Infinity Pool","Gymnasium","Spa & Wellness","24/7 Concierge","Valet Parking"}', FALSE, '2026-06-07T08:14:38.594Z', '2026-07-01T08:14:38.594Z'),
('00000000-0000-0000-0003-00000000004d', 'Azure Townhouse at Al Barsha', 'azure-townhouse-at-al-barsha-77', 'Immerse yourself in unmatched elegance with this premium Townhouse crafted by Aldar Properties. Nestled prime in Al Barsha, this residence provides unparalleled finishes, custom architecture, and breath-taking neighborhood coordinates. Ready to elevate your portfolio.', 14550000, 'townhouse', 'off-plan', 'under-construction', 'Q2 2028', 3, 4, 12240, 2, 'Al Barsha, Dubai', '00000000-0000-0000-0001-00000000000c', '00000000-0000-0000-0000-000000000007', '00000000-0000-0000-0002-000000000005', 25.1204, 55.2308, '{"/assets/villa_render.png","/assets/penthouse_render.png","/assets/apartment_render.png","/assets/palm_jumeirah_render.png"}', '{"/assets/hero-video.mp4"}', NULL, '{"Sky Pool","Spa & Wellness","24/7 Concierge","Valet Parking","High-speed Elevators"}', FALSE, '2026-06-08T08:14:38.594Z', '2026-07-01T08:14:38.594Z'),
('00000000-0000-0000-0003-00000000004e', 'Majestic Townhouse at Al Barsha', 'majestic-townhouse-at-al-barsha-78', 'Immerse yourself in unmatched elegance with this premium Townhouse crafted by Azizi Developments. Nestled prime in Al Barsha, this residence provides unparalleled finishes, custom architecture, and breath-taking neighborhood coordinates. Ready to elevate your portfolio.', 14700000, 'townhouse', 'buy', 'ready', NULL, 4, 4, 13360, 3, 'Al Barsha, Dubai', '00000000-0000-0000-0001-00000000000c', '00000000-0000-0000-0000-000000000008', '00000000-0000-0000-0002-000000000006', 25.1214, 55.2318, '{"/assets/penthouse_render.png","/assets/apartment_render.png","/assets/palm_jumeirah_render.png","/assets/villa_render.png"}', '{"/assets/hero-video.mp4"}', NULL, '{"Olympic Pool","24/7 Concierge","Valet Parking","High-speed Elevators","Landscaped Gardens"}', FALSE, '2026-06-09T08:14:38.594Z', '2026-07-01T08:14:38.594Z'),
('00000000-0000-0000-0003-00000000004f', 'Infinity Townhouse at Al Barsha', 'infinity-townhouse-at-al-barsha-79', 'Immerse yourself in unmatched elegance with this premium Townhouse crafted by Omniyat. Nestled prime in Al Barsha, this residence provides unparalleled finishes, custom architecture, and breath-taking neighborhood coordinates. Ready to elevate your portfolio.', 14850000, 'townhouse', 'buy', 'ready', NULL, 5, 6, 14480, 3, 'Al Barsha, Dubai', '00000000-0000-0000-0001-00000000000c', '00000000-0000-0000-0000-000000000009', '00000000-0000-0000-0002-000000000001', 25.122400000000003, 55.2328, '{"/assets/apartment_render.png","/assets/palm_jumeirah_render.png","/assets/villa_render.png","/assets/penthouse_render.png"}', '{"/assets/hero-video.mp4"}', NULL, '{"Heated Pool","Valet Parking","High-speed Elevators","Landscaped Gardens","Kids Play Area"}', FALSE, '2026-06-10T08:14:38.594Z', '2026-07-01T08:14:38.594Z'),
('00000000-0000-0000-0003-000000000050', 'Royal Townhouse at Al Barsha', 'royal-townhouse-at-al-barsha-80', 'Immerse yourself in unmatched elegance with this premium Townhouse crafted by Select Group. Nestled prime in Al Barsha, this residence provides unparalleled finishes, custom architecture, and breath-taking neighborhood coordinates. Ready to elevate your portfolio.', 675000, 'townhouse', 'rent', 'ready', NULL, 1, 1, 10600, 2, 'Al Barsha, Dubai', '00000000-0000-0000-0001-00000000000c', '00000000-0000-0000-0000-00000000000a', '00000000-0000-0000-0002-000000000002', 25.113400000000002, 55.2238, '{"/assets/palm_jumeirah_render.png","/assets/villa_render.png","/assets/penthouse_render.png","/assets/apartment_render.png"}', '{"/assets/hero-video.mp4"}', NULL, '{"Private Pool","High-speed Elevators","Landscaped Gardens","Kids Play Area","Barbecue Area"}', FALSE, '2026-06-11T08:14:38.594Z', '2026-07-01T08:14:38.594Z'),
('00000000-0000-0000-0003-000000000051', 'Signature Townhouse at Al Barsha', 'signature-townhouse-at-al-barsha-81', 'Immerse yourself in unmatched elegance with this premium Townhouse crafted by Emaar Properties. Nestled prime in Al Barsha, this residence provides unparalleled finishes, custom architecture, and breath-taking neighborhood coordinates. Ready to elevate your portfolio.', 15150000, 'townhouse', 'off-plan', 'under-construction', 'Q2 2026', 2, 3, 11720, 2, 'Al Barsha, Dubai', '00000000-0000-0000-0001-00000000000c', '00000000-0000-0000-0000-000000000001', '00000000-0000-0000-0002-000000000003', 25.1144, 55.2248, '{"/assets/villa_render.png","/assets/penthouse_render.png","/assets/apartment_render.png","/assets/palm_jumeirah_render.png"}', '{"/assets/hero-video.mp4"}', NULL, '{"Infinity Pool","Landscaped Gardens","Kids Play Area","Barbecue Area","Steam & Sauna Rooms"}', FALSE, '2026-06-12T08:14:38.594Z', '2026-07-01T08:14:38.594Z'),
('00000000-0000-0000-0003-000000000052', 'The Ritz Townhouse at Al Barsha', 'the-ritz-townhouse-at-al-barsha-82', 'Immerse yourself in unmatched elegance with this premium Townhouse crafted by Sobha Realty. Nestled prime in Al Barsha, this residence provides unparalleled finishes, custom architecture, and breath-taking neighborhood coordinates. Ready to elevate your portfolio.', 15300000, 'townhouse', 'buy', 'ready', NULL, 3, 3, 12840, 2, 'Al Barsha, Dubai', '00000000-0000-0000-0001-00000000000c', '00000000-0000-0000-0000-000000000002', '00000000-0000-0000-0002-000000000004', 25.1154, 55.2258, '{"/assets/penthouse_render.png","/assets/apartment_render.png","/assets/palm_jumeirah_render.png","/assets/villa_render.png"}', '{"/assets/hero-video.mp4"}', NULL, '{"Sky Pool","Kids Play Area","Barbecue Area","Steam & Sauna Rooms","Residents Lounge"}', FALSE, '2026-06-13T08:14:38.594Z', '2026-07-01T08:14:38.594Z'),
('00000000-0000-0000-0003-000000000053', 'Residences at Townhouse at Jumeirah', 'residences-at-townhouse-at-jumeirah-83', 'Immerse yourself in unmatched elegance with this premium Townhouse crafted by DAMAC Properties. Nestled prime in Jumeirah, this residence provides unparalleled finishes, custom architecture, and breath-taking neighborhood coordinates. Ready to elevate your portfolio.', 15450000, 'townhouse', 'buy', 'ready', NULL, 4, 5, 13960, 3, 'Jumeirah, Dubai', '00000000-0000-0000-0001-00000000000d', '00000000-0000-0000-0000-000000000003', '00000000-0000-0000-0002-000000000005', 25.1994, 55.236799999999995, '{"/assets/apartment_render.png","/assets/palm_jumeirah_render.png","/assets/villa_render.png","/assets/penthouse_render.png"}', '{"/assets/hero-video.mp4"}', NULL, '{"Olympic Pool","Barbecue Area","Steam & Sauna Rooms","Residents Lounge","Cinema Room"}', FALSE, '2026-06-14T08:14:38.594Z', '2026-07-01T08:14:38.594Z'),
('00000000-0000-0000-0003-000000000054', 'Elite Townhouse at Jumeirah', 'elite-townhouse-at-jumeirah-84', 'Immerse yourself in unmatched elegance with this premium Townhouse crafted by Ellington Properties. Nestled prime in Jumeirah, this residence provides unparalleled finishes, custom architecture, and breath-taking neighborhood coordinates. Ready to elevate your portfolio.', 702000, 'townhouse', 'rent', 'ready', NULL, 5, 5, 15080, 3, 'Jumeirah, Dubai', '00000000-0000-0000-0001-00000000000d', '00000000-0000-0000-0000-000000000004', '00000000-0000-0000-0002-000000000006', 25.2004, 55.2378, '{"/assets/palm_jumeirah_render.png","/assets/villa_render.png","/assets/penthouse_render.png","/assets/apartment_render.png"}', '{"/assets/hero-video.mp4"}', NULL, '{"Heated Pool","Steam & Sauna Rooms","Residents Lounge","Cinema Room","Wine Cellar"}', FALSE, '2026-06-15T08:14:38.594Z', '2026-07-01T08:14:38.594Z'),
('00000000-0000-0000-0003-000000000055', 'Skyline Townhouse at Jumeirah', 'skyline-townhouse-at-jumeirah-85', 'Immerse yourself in unmatched elegance with this premium Townhouse crafted by Nakheel. Nestled prime in Jumeirah, this residence provides unparalleled finishes, custom architecture, and breath-taking neighborhood coordinates. Ready to elevate your portfolio.', 15750000, 'townhouse', 'off-plan', 'under-construction', 'Q2 2027', 1, 2, 11200, 2, 'Jumeirah, Dubai', '00000000-0000-0000-0001-00000000000d', '00000000-0000-0000-0000-000000000005', '00000000-0000-0000-0002-000000000001', 25.2014, 55.2388, '{"/assets/villa_render.png","/assets/penthouse_render.png","/assets/apartment_render.png","/assets/palm_jumeirah_render.png"}', '{"/assets/hero-video.mp4"}', NULL, '{"Private Pool","Residents Lounge","Cinema Room","Wine Cellar","Tennis Court"}', FALSE, '2026-06-16T08:14:38.594Z', '2026-07-01T08:14:38.594Z'),
('00000000-0000-0000-0003-000000000056', 'Oceanfront Duplex at Jumeirah', 'oceanfront-duplex-at-jumeirah-86', 'Immerse yourself in unmatched elegance with this premium Duplex crafted by Meraas. Nestled prime in Jumeirah, this residence provides unparalleled finishes, custom architecture, and breath-taking neighborhood coordinates. Ready to elevate your portfolio.', 22200000, 'duplex', 'buy', 'ready', NULL, 2, 2, 12320, 2, 'Jumeirah, Dubai', '00000000-0000-0000-0001-00000000000d', '00000000-0000-0000-0000-000000000006', '00000000-0000-0000-0002-000000000002', 25.2024, 55.239799999999995, '{"/assets/penthouse_render.png","/assets/apartment_render.png","/assets/palm_jumeirah_render.png","/assets/villa_render.png"}', '{"/assets/hero-video.mp4"}', NULL, '{"Infinity Pool","Cinema Room","Wine Cellar","Tennis Court","Golf Simulator"}', FALSE, '2026-06-17T08:14:38.594Z', '2026-07-01T08:14:38.594Z'),
('00000000-0000-0000-0003-000000000057', 'Serene Duplex at Jumeirah', 'serene-duplex-at-jumeirah-87', 'Immerse yourself in unmatched elegance with this premium Duplex crafted by Aldar Properties. Nestled prime in Jumeirah, this residence provides unparalleled finishes, custom architecture, and breath-taking neighborhood coordinates. Ready to elevate your portfolio.', 22400000, 'duplex', 'buy', 'ready', NULL, 3, 4, 13440, 2, 'Jumeirah, Dubai', '00000000-0000-0000-0001-00000000000d', '00000000-0000-0000-0000-000000000007', '00000000-0000-0000-0002-000000000003', 25.2034, 55.2408, '{"/assets/apartment_render.png","/assets/palm_jumeirah_render.png","/assets/villa_render.png","/assets/penthouse_render.png"}', '{"/assets/hero-video.mp4"}', NULL, '{"Sky Pool","Wine Cellar","Tennis Court","Golf Simulator","Smart Home System"}', FALSE, '2026-06-18T08:14:38.594Z', '2026-07-01T08:14:38.594Z'),
('00000000-0000-0000-0003-000000000058', 'Emerald Duplex at Jumeirah', 'emerald-duplex-at-jumeirah-88', 'Immerse yourself in unmatched elegance with this premium Duplex crafted by Azizi Developments. Nestled prime in Jumeirah, this residence provides unparalleled finishes, custom architecture, and breath-taking neighborhood coordinates. Ready to elevate your portfolio.', 1017000, 'duplex', 'rent', 'ready', NULL, 4, 4, 14560, 3, 'Jumeirah, Dubai', '00000000-0000-0000-0001-00000000000d', '00000000-0000-0000-0000-000000000008', '00000000-0000-0000-0002-000000000004', 25.2044, 55.2418, '{"/assets/palm_jumeirah_render.png","/assets/villa_render.png","/assets/penthouse_render.png","/assets/apartment_render.png"}', '{"/assets/hero-video.mp4"}', NULL, '{"Olympic Pool","Tennis Court","Golf Simulator","Smart Home System","Gymnasium"}', FALSE, '2026-06-19T08:14:38.594Z', '2026-07-01T08:14:38.594Z'),
('00000000-0000-0000-0003-000000000059', 'Marquis Duplex at Bluewaters Island', 'marquis-duplex-at-bluewaters-island-89', 'Immerse yourself in unmatched elegance with this premium Duplex crafted by Omniyat. Nestled prime in Bluewaters Island, this residence provides unparalleled finishes, custom architecture, and breath-taking neighborhood coordinates. Ready to elevate your portfolio.', 22800000, 'duplex', 'off-plan', 'under-construction', 'Q2 2028', 5, 6, 15680, 3, 'Bluewaters Island, Dubai', '00000000-0000-0000-0001-00000000000e', '00000000-0000-0000-0000-000000000009', '00000000-0000-0000-0002-000000000005', 25.0839, 55.126799999999996, '{"/assets/villa_render.png","/assets/penthouse_render.png","/assets/apartment_render.png","/assets/palm_jumeirah_render.png"}', '{"/assets/hero-video.mp4"}', NULL, '{"Heated Pool","Golf Simulator","Smart Home System","Gymnasium","Spa & Wellness"}', FALSE, '2026-06-20T08:14:38.594Z', '2026-07-01T08:14:38.594Z'),
('00000000-0000-0000-0003-00000000005a', 'One Duplex at Bluewaters Island', 'one-duplex-at-bluewaters-island-90', 'Immerse yourself in unmatched elegance with this premium Duplex crafted by Select Group. Nestled prime in Bluewaters Island, this residence provides unparalleled finishes, custom architecture, and breath-taking neighborhood coordinates. Ready to elevate your portfolio.', 23000000, 'duplex', 'buy', 'ready', NULL, 1, 1, 11800, 2, 'Bluewaters Island, Dubai', '00000000-0000-0000-0001-00000000000e', '00000000-0000-0000-0000-00000000000a', '00000000-0000-0000-0002-000000000006', 25.0749, 55.117799999999995, '{"/assets/penthouse_render.png","/assets/apartment_render.png","/assets/palm_jumeirah_render.png","/assets/villa_render.png"}', '{"/assets/hero-video.mp4"}', NULL, '{"Private Pool","Smart Home System","Gymnasium","Spa & Wellness","24/7 Concierge"}', FALSE, '2026-06-21T08:14:38.594Z', '2026-07-01T08:14:38.594Z'),
('00000000-0000-0000-0003-00000000005b', 'Aria Mansion at Bluewaters Island', 'aria-mansion-at-bluewaters-island-91', 'Immerse yourself in unmatched elegance with this premium Mansion crafted by Emaar Properties. Nestled prime in Bluewaters Island, this residence provides unparalleled finishes, custom architecture, and breath-taking neighborhood coordinates. Ready to elevate your portfolio.', 136000000, 'mansion', 'buy', 'ready', NULL, 4, 5, 14920, 3, 'Bluewaters Island, Dubai', '00000000-0000-0000-0001-00000000000e', '00000000-0000-0000-0000-000000000001', '00000000-0000-0000-0002-000000000001', 25.075899999999997, 55.1188, '{"/assets/apartment_render.png","/assets/palm_jumeirah_render.png","/assets/villa_render.png","/assets/penthouse_render.png"}', '{"/assets/hero-video.mp4"}', NULL, '{"Infinity Pool","Gymnasium","Spa & Wellness","24/7 Concierge","Valet Parking"}', FALSE, '2026-06-22T08:14:38.594Z', '2026-07-01T08:14:38.594Z'),
('00000000-0000-0000-0003-00000000005c', 'Grand Mansion at Bluewaters Island', 'grand-mansion-at-bluewaters-island-92', 'Immerse yourself in unmatched elegance with this premium Mansion crafted by Sobha Realty. Nestled prime in Bluewaters Island, this residence provides unparalleled finishes, custom architecture, and breath-taking neighborhood coordinates. Ready to elevate your portfolio.', 6165000, 'mansion', 'rent', 'ready', NULL, 5, 5, 16040, 3, 'Bluewaters Island, Dubai', '00000000-0000-0000-0001-00000000000e', '00000000-0000-0000-0000-000000000002', '00000000-0000-0000-0002-000000000002', 25.0769, 55.1198, '{"/assets/palm_jumeirah_render.png","/assets/villa_render.png","/assets/penthouse_render.png","/assets/apartment_render.png"}', '{"/assets/hero-video.mp4"}', NULL, '{"Sky Pool","Spa & Wellness","24/7 Concierge","Valet Parking","High-speed Elevators"}', FALSE, '2026-06-23T08:14:38.594Z', '2026-07-01T08:14:38.594Z'),
('00000000-0000-0000-0003-00000000005d', 'Vogue Mansion at Bluewaters Island', 'vogue-mansion-at-bluewaters-island-93', 'Immerse yourself in unmatched elegance with this premium Mansion crafted by DAMAC Properties. Nestled prime in Bluewaters Island, this residence provides unparalleled finishes, custom architecture, and breath-taking neighborhood coordinates. Ready to elevate your portfolio.', 138000000, 'mansion', 'off-plan', 'under-construction', 'Q2 2026', 6, 7, 17160, 3, 'Bluewaters Island, Dubai', '00000000-0000-0000-0001-00000000000e', '00000000-0000-0000-0000-000000000003', '00000000-0000-0000-0002-000000000003', 25.0779, 55.120799999999996, '{"/assets/villa_render.png","/assets/penthouse_render.png","/assets/apartment_render.png","/assets/palm_jumeirah_render.png"}', '{"/assets/hero-video.mp4"}', NULL, '{"Olympic Pool","24/7 Concierge","Valet Parking","High-speed Elevators","Landscaped Gardens"}', FALSE, '2026-06-24T08:14:38.594Z', '2026-07-01T08:14:38.594Z'),
('00000000-0000-0000-0003-00000000005e', 'Waterfront Mansion at Bluewaters Island', 'waterfront-mansion-at-bluewaters-island-94', 'Immerse yourself in unmatched elegance with this premium Mansion crafted by Ellington Properties. Nestled prime in Bluewaters Island, this residence provides unparalleled finishes, custom architecture, and breath-taking neighborhood coordinates. Ready to elevate your portfolio.', 139000000, 'mansion', 'buy', 'ready', NULL, 7, 7, 18280, 3, 'Bluewaters Island, Dubai', '00000000-0000-0000-0001-00000000000e', '00000000-0000-0000-0000-000000000004', '00000000-0000-0000-0002-000000000004', 25.078899999999997, 55.1218, '{"/assets/penthouse_render.png","/assets/apartment_render.png","/assets/palm_jumeirah_render.png","/assets/villa_render.png"}', '{"/assets/hero-video.mp4"}', NULL, '{"Heated Pool","Valet Parking","High-speed Elevators","Landscaped Gardens","Kids Play Area"}', FALSE, '2026-06-25T08:14:38.594Z', '2026-07-01T08:14:38.594Z'),
('00000000-0000-0000-0003-00000000005f', 'Crest Mansion at City Walk', 'crest-mansion-at-city-walk-95', 'Immerse yourself in unmatched elegance with this premium Mansion crafted by Nakheel. Nestled prime in City Walk, this residence provides unparalleled finishes, custom architecture, and breath-taking neighborhood coordinates. Ready to elevate your portfolio.', 140000000, 'mansion', 'buy', 'ready', NULL, 3, 4, 14400, 2, 'City Walk, Dubai', '00000000-0000-0000-0001-00000000000f', '00000000-0000-0000-0000-000000000005', '00000000-0000-0000-0002-000000000005', 25.2074, 55.2618, '{"/assets/apartment_render.png","/assets/palm_jumeirah_render.png","/assets/villa_render.png","/assets/penthouse_render.png"}', '{"/assets/hero-video.mp4"}', NULL, '{"Private Pool","High-speed Elevators","Landscaped Gardens","Kids Play Area","Barbecue Area"}', FALSE, '2026-06-26T08:14:38.594Z', '2026-07-01T08:14:38.594Z'),
('00000000-0000-0000-0003-000000000060', 'Crown Commercial at City Walk', 'crown-commercial-at-city-walk-96', 'Immerse yourself in unmatched elegance with this premium Commercial crafted by Meraas. Nestled prime in City Walk, this residence provides unparalleled finishes, custom architecture, and breath-taking neighborhood coordinates. Ready to elevate your portfolio.', 522000, 'commercial', 'rent', 'ready', NULL, 0, 1, 15200, 15, 'City Walk, Dubai', '00000000-0000-0000-0001-00000000000f', '00000000-0000-0000-0000-000000000006', '00000000-0000-0000-0002-000000000006', 25.2084, 55.2628, '{"/assets/palm_jumeirah_render.png","/assets/villa_render.png","/assets/penthouse_render.png","/assets/apartment_render.png"}', '{"/assets/hero-video.mp4"}', NULL, '{"Infinity Pool","Landscaped Gardens","Kids Play Area","Barbecue Area","Steam & Sauna Rooms"}', FALSE, '2026-06-27T08:14:38.594Z', '2026-07-01T08:14:38.594Z'),
('00000000-0000-0000-0003-000000000061', 'Azure Commercial at City Walk', 'azure-commercial-at-city-walk-97', 'Immerse yourself in unmatched elegance with this premium Commercial crafted by Aldar Properties. Nestled prime in City Walk, this residence provides unparalleled finishes, custom architecture, and breath-taking neighborhood coordinates. Ready to elevate your portfolio.', 11700000, 'commercial', 'off-plan', 'under-construction', 'Q2 2027', 0, 2, 15350, 15, 'City Walk, Dubai', '00000000-0000-0000-0001-00000000000f', '00000000-0000-0000-0000-000000000007', '00000000-0000-0000-0002-000000000001', 25.2094, 55.2638, '{"/assets/villa_render.png","/assets/penthouse_render.png","/assets/apartment_render.png","/assets/palm_jumeirah_render.png"}', '{"/assets/hero-video.mp4"}', NULL, '{"Sky Pool","Kids Play Area","Barbecue Area","Steam & Sauna Rooms","Residents Lounge"}', FALSE, '2026-06-28T08:14:38.594Z', '2026-07-01T08:14:38.594Z'),
('00000000-0000-0000-0003-000000000062', 'Majestic Office at City Walk', 'majestic-office-at-city-walk-98', 'Immerse yourself in unmatched elegance with this premium Office crafted by Azizi Developments. Nestled prime in City Walk, this residence provides unparalleled finishes, custom architecture, and breath-taking neighborhood coordinates. Ready to elevate your portfolio.', 11800000, 'office', 'buy', 'ready', NULL, 0, 1, 15500, 16, 'City Walk, Dubai', '00000000-0000-0000-0001-00000000000f', '00000000-0000-0000-0000-000000000008', '00000000-0000-0000-0002-000000000002', 25.2104, 55.2648, '{"/assets/penthouse_render.png","/assets/apartment_render.png","/assets/palm_jumeirah_render.png","/assets/villa_render.png"}', '{"/assets/hero-video.mp4"}', NULL, '{"Olympic Pool","Barbecue Area","Steam & Sauna Rooms","Residents Lounge","Cinema Room"}', FALSE, '2026-06-29T08:14:38.594Z', '2026-07-01T08:14:38.594Z'),
('00000000-0000-0000-0003-000000000063', 'Infinity Office at City Walk', 'infinity-office-at-city-walk-99', 'Immerse yourself in unmatched elegance with this premium Office crafted by Omniyat. Nestled prime in City Walk, this residence provides unparalleled finishes, custom architecture, and breath-taking neighborhood coordinates. Ready to elevate your portfolio.', 11900000, 'office', 'buy', 'ready', NULL, 0, 2, 15650, 16, 'City Walk, Dubai', '00000000-0000-0000-0001-00000000000f', '00000000-0000-0000-0000-000000000009', '00000000-0000-0000-0002-000000000003', 25.2114, 55.2658, '{"/assets/apartment_render.png","/assets/palm_jumeirah_render.png","/assets/villa_render.png","/assets/penthouse_render.png"}', '{"/assets/hero-video.mp4"}', NULL, '{"Heated Pool","Steam & Sauna Rooms","Residents Lounge","Cinema Room","Wine Cellar"}', FALSE, '2026-06-30T08:14:38.594Z', '2026-07-01T08:14:38.594Z'),
('00000000-0000-0000-0003-000000000064', 'Royal Retail at City Walk', 'royal-retail-at-city-walk-100', 'Immerse yourself in unmatched elegance with this premium Retail crafted by Select Group. Nestled prime in City Walk, this residence provides unparalleled finishes, custom architecture, and breath-taking neighborhood coordinates. Ready to elevate your portfolio.', 540000, 'retail', 'rent', 'ready', NULL, 0, 1, 15800, 16, 'City Walk, Dubai', '00000000-0000-0000-0001-00000000000f', '00000000-0000-0000-0000-00000000000a', '00000000-0000-0000-0002-000000000004', 25.2024, 55.2568, '{"/assets/palm_jumeirah_render.png","/assets/villa_render.png","/assets/penthouse_render.png","/assets/apartment_render.png"}', '{"/assets/hero-video.mp4"}', NULL, '{"Private Pool","Residents Lounge","Cinema Room","Wine Cellar","Tennis Court"}', FALSE, '2026-07-01T08:14:38.594Z', '2026-07-01T08:14:38.594Z')
ON CONFLICT (id) DO UPDATE SET
id = EXCLUDED.id, title = EXCLUDED.title, slug = EXCLUDED.slug, description = EXCLUDED.description, price = EXCLUDED.price, type = EXCLUDED.type, status = EXCLUDED.status, completion_status = EXCLUDED.completion_status, handover_date = EXCLUDED.handover_date, bedrooms = EXCLUDED.bedrooms, bathrooms = EXCLUDED.bathrooms, area_sqft = EXCLUDED.area_sqft, parking = EXCLUDED.parking, location = EXCLUDED.location, community_id = EXCLUDED.community_id, developer_id = EXCLUDED.developer_id, agent_id = EXCLUDED.agent_id, latitude = EXCLUDED.latitude, longitude = EXCLUDED.longitude, images = EXCLUDED.images, videos = EXCLUDED.videos, property_plan_url = EXCLUDED.property_plan_url, amenities = EXCLUDED.amenities, is_featured = EXCLUDED.is_featured, created_at = EXCLUDED.created_at, updated_at = EXCLUDED.updated_at;

INSERT INTO public.profiles (id, full_name, email, role)
VALUES ('00000000-0000-0000-0000-000000000000', 'Luxespace Executive Officer', 'executive@luxespace.ae', 'super_admin')
ON CONFLICT (id) DO NOTHING;

INSERT INTO public.blogs (id, title, slug, summary, content, cover_image, author_id, is_published, tags, created_at, updated_at)
VALUES
('00000000-0000-0000-0004-000000000001', 'Dubai Q3 Luxury Real Estate Insights', 'dubai-q3-luxury-insights', 'In-depth HNW capital flows and yield analysis.', 'Full editorial content...', '/assets/apartment_render.png', '00000000-0000-0000-0000-000000000000', TRUE, '{"Market News","Advisory"}', '2026-07-01T10:38:45.600Z', '2026-07-01T10:38:45.600Z')
ON CONFLICT (id) DO UPDATE SET
id = EXCLUDED.id, title = EXCLUDED.title, slug = EXCLUDED.slug, summary = EXCLUDED.summary, content = EXCLUDED.content, cover_image = EXCLUDED.cover_image, author_id = EXCLUDED.author_id, is_published = EXCLUDED.is_published, tags = EXCLUDED.tags, created_at = EXCLUDED.created_at, updated_at = EXCLUDED.updated_at;

INSERT INTO public.testimonials (id, client_name, client_title, rating, content, is_featured, created_at)
VALUES
('00000000-0000-0000-0009-000000000001', 'Sir Alistair Cunningham', 'MD, Sovereign Holdings', 5, 'Luxespace curated an off-market penthouse for us in Palm Jumeirah. Discretion throughout was exemplary.', TRUE, '2026-07-01T10:38:45.600Z'),
('00000000-0000-0000-0009-000000000002', 'Elena Rostova', 'Private Family Investor', 5, 'Secured high-yield assets before public releases. A true private wealth advisory.', TRUE, '2026-07-01T10:38:45.600Z')
ON CONFLICT (id) DO UPDATE SET
id = EXCLUDED.id, client_name = EXCLUDED.client_name, client_title = EXCLUDED.client_title, rating = EXCLUDED.rating, content = EXCLUDED.content, is_featured = EXCLUDED.is_featured, created_at = EXCLUDED.created_at;

INSERT INTO public.faqs (id, question, answer, category, order_index)
VALUES
('00000000-0000-0000-0009-000000000001', 'Can foreigners buy property in Dubai?', 'Yes. Foreigners and expats can buy property in designated freehold areas in Dubai. Freehold ownership gives you absolute ownership of the property and land, registered with the Dubai Land Department (DLD).', 'Buying Property', 1),
('00000000-0000-0000-0009-000000000002', 'What is the difference between freehold and leasehold properties?', 'Freehold properties give the buyer complete ownership of both the property unit and the land it sits on indefinitely. Leasehold properties, on the other hand, grant ownership rights for a fixed period (typically 30 to 99 years) while the land ownership remains with the freeholder.', 'Buying Property', 2),
('00000000-0000-0000-0009-000000000003', 'What are the transaction fees when purchasing a property in Dubai?', 'The typical fees include: DLD fee (4% of property price + 580 AED admin fee), Registration trustee fee (2,000 to 4,000 AED + VAT), Agency commission (typically 2% + VAT), and Mortgage registration fee (0.25% of loan value if applicable).', 'Buying Property', 3),
('00000000-0000-0000-0009-000000000004', 'Do I need a local bank account to buy real estate in Dubai?', 'No, a local bank account is not required. You can pay via international wire transfer, foreign currency drafts, or cryptocurrency (via licensed escrow agencies). However, having a local account makes ongoing payments and rent collections easier.', 'Buying Property', 4),
('00000000-0000-0000-0009-000000000005', 'What is the Ejari system in Dubai?', 'Ejari is the government-mandated registration system for rental agreements in Dubai. It secures the contract between landlord and tenant, makes it legally binding, and is required to connect water, electricity (DEWA), and internet services.', 'Renting', 1),
('00000000-0000-0000-0009-000000000006', 'Can a landlord evict a tenant in Dubai?', 'A landlord can evict a tenant only under specific conditions defined by Law No. 26 of 2007, such as non-payment of rent, sub-letting without consent, or if the landlord wishes to use the property for personal use. Eviction notices require 12 months'' notification sent via notary public.', 'Renting', 2),
('00000000-0000-0000-0009-000000000007', 'What is the Rent Calculator by RERA?', 'The Real Estate Regulatory Agency (RERA) Rent Calculator is an online index tool that governs maximum rental increase percentages allowed in Dubai based on average market rents in specific areas. Landlords must use it to calculate valid rent increases.', 'Renting', 3),
('00000000-0000-0000-0009-000000000008', 'How are rental payments typically structured in Dubai?', 'Rents are traditionally paid using post-dated cheques. The annual rent is split into 1, 2, 4, or sometimes 6 cheques. However, many developers and private landlords are starting to accept monthly direct debit or credit card payments.', 'Renting', 4),
('00000000-0000-0000-0009-000000000009', 'What is an Escrow Account in off-plan real estate?', 'Under Dubai Law, developers selling off-plan units must deposit all buyer payments into a project-specific Escrow Account approved by the DLD. Funds are released to the developer only as construction milestones are verified by independent engineers.', 'Off Plan', 1),
('00000000-0000-0000-0009-00000000000a', 'What happens if an off-plan project is delayed or cancelled?', 'The DLD and Real Estate Court protect buyers in case of developer default. If a project is cancelled, DLD liquidates the escrow account to refund investors. If delayed beyond contract thresholds, buyers can seek cancellation or compensation.', 'Off Plan', 2),
('00000000-0000-0000-0009-00000000000b', 'Can I sell my off-plan property before construction completion?', 'Yes, you can sell off-plan properties. Most developers require the buyer to have paid a minimum threshold (usually 30% to 40% of the total purchase price) before issuing a No Objection Certificate (NOC) for resale.', 'Off Plan', 3),
('00000000-0000-0000-0009-00000000000c', 'What does Oqood mean?', 'Oqood is a centralized online registration portal for off-plan properties in Dubai. It is issued by the DLD as an interim registration certificate to secure buyer rights during the construction phase until the final Title Deed is issued.', 'Off Plan', 4),
('00000000-0000-0000-0009-00000000000d', 'Can non-residents apply for a home loan in Dubai?', 'Yes, non-residents can obtain home mortgages from international and local banks operating in the UAE. The maximum Loan-to-Value (LTV) ratio for non-residents is usually 50% to 60%, whereas residents can get up to 80% LTV.', 'Mortgage', 1),
('00000000-0000-0000-0009-00000000000e', 'What is the maximum loan tenure in the UAE?', 'The maximum tenure for home mortgages in the UAE is 25 years. The borrower''s age at the time of final repayment must not exceed 65 years for salaried individuals, or 70 years for self-employed individuals.', 'Mortgage', 2),
('00000000-0000-0000-0009-00000000000f', 'What interest rate types are available?', 'Banks offer both fixed-rate mortgages (typically fixed for 1 to 5 years, converting to EIBOR + margin) and variable-rate mortgages linked directly to the 3-month or 6-month Emirates Interbank Offered Rate (EIBOR).', 'Mortgage', 3),
('00000000-0000-0000-0009-000000000010', 'Do banks require life insurance for UAE mortgages?', 'Yes. Almost all UAE banks require home buyers to take out a matching life insurance policy (which names the bank as beneficiary) and a home property insurance policy to protect the asset.', 'Mortgage', 4),
('00000000-0000-0000-0009-000000000011', 'How do I qualify for the 10-year UAE Golden Visa through real estate?', 'You qualify by purchasing one or more properties in freehold areas with a combined value of at least 2 million AED ($544,500 USD). The property can be ready or off-plan, mortgaged or paid in full.', 'Golden Visa', 1),
('00000000-0000-0000-0009-000000000012', 'Can off-plan properties qualify for the Golden Visa?', 'Yes. DLD allows buyers of off-plan properties to apply for the Golden Visa if they have paid at least 2 million AED to the developer, supported by Oqood interim certificates and payment receipts.', 'Golden Visa', 2),
('00000000-0000-0000-0009-000000000013', 'Can I sponsor my family with a Golden Visa?', 'Yes. Golden Visa holders can sponsor their spouses, children (including self-sponsored unmarried daughters and sons of any age), and domestic helper staff under their visa scheme.', 'Golden Visa', 3),
('00000000-0000-0000-0009-000000000014', 'Does the Golden Visa allow me to live outside the UAE?', 'Yes. Unlike normal residency visas which expire if you stay outside the UAE for more than 6 months, Golden Visa holders can stay outside the country for any duration without losing their residency status.', 'Golden Visa', 4),
('00000000-0000-0000-0009-000000000015', 'Why is Dubai considered a tax haven for property investors?', 'Dubai charges 0% personal income tax, 0% capital gains tax, and 0% property tax. The only taxes are a flat 5% corporate tax on businesses if applicable, and a 4% one-time registration fee on purchase.', 'Foreign Investment', 1),
('00000000-0000-0000-0009-000000000016', 'What is the average ROI on rental properties in Dubai?', 'Net rental yields in Dubai are among the highest globally, averaging between 5% and 8% per annum. Micro-apartments and holiday homes in prime areas (Downtown, Marina) can reach up to 10% gross yields.', 'Foreign Investment', 2),
('00000000-0000-0000-0009-000000000017', 'Can I invest in property using cryptocurrency?', 'Yes, many developers and real estate brokerages accept payments in Bitcoin (BTC), Ethereum (ETH), and USDT. Transactions are processed securely via regulated payment gateways that exchange crypto to AED cash.', 'Foreign Investment', 3),
('00000000-0000-0000-0009-000000000018', 'Are foreign currency funds repatriable?', 'Yes. The UAE has no currency control regulations. 100% of capital, dividends, rental income, and profits can be fully repatriated back to your home country in any currency.', 'Foreign Investment', 4),
('00000000-0000-0000-0009-000000000019', 'What is a Title Deed in Dubai?', 'A Title Deed is the final legal document issued by the DLD that registers you as the absolute owner of the property. It contains unique parcel IDs, floor size, ownership details, and property borders.', 'Property Registration', 1),
('00000000-0000-0000-0009-00000000001a', 'What is a Power of Attorney (POA)?', 'A Power of Attorney allows you to appoint a trusted representative or broker to manage purchase transactions, sign contracts, and handle key transfers on your behalf without you needing to be physically present in the UAE.', 'Property Registration', 2),
('00000000-0000-0000-0009-00000000001b', 'How long does the property transfer process take?', 'A standard resale property transaction takes between 2 to 4 weeks from signing the Memorandum of Understanding (MOU/Form F) to the final transfer meeting at the DLD Trustee office.', 'Property Registration', 3),
('00000000-0000-0000-0009-00000000001c', 'What is a No Objection Certificate (NOC)?', 'An NOC is a certificate issued by the master developer (e.g. Emaar, DAMAC) confirming that the seller has settled all service charges and utility bills, clearing the property for resale and transfer.', 'Property Registration', 4),
('00000000-0000-0000-0009-00000000001d', 'Who are the top developers in Dubai?', 'The largest state-backed and private developers include Emaar Properties, DAMAC Properties, Nakheel, Sobha Realty, Meraas, Omniyat, and Ellington. They manage the master developments of most areas.', 'Developer Questions', 1),
('00000000-0000-0000-0009-00000000001e', 'What is a master community?', 'A master community is a master-planned neighborhood (like Downtown Dubai or Dubai Hills Estate) built, managed, and serviced by a single master developer, ensuring uniform architecture, roads, parks, and security.', 'Developer Questions', 2),
('00000000-0000-0000-0009-00000000001f', 'Do developers provide post-handover payment plans?', 'Yes, many developers offer post-handover payment plans (PHPP) ranging from 2 to 5 years after completion. This allows you to pay for the property using rental income after moving in.', 'Developer Questions', 3),
('00000000-0000-0000-0009-000000000020', 'What are service charges?', 'Service charges are monthly or annual maintenance fees paid to the owners'' association or master developer. They cover building upkeep, common areas, security, swimming pool, and gym maintenance.', 'Developer Questions', 4),
('00000000-0000-0000-0009-000000000021', 'What services do property management companies offer?', 'Property managers handle tenant sourcing, Ejari setup, rent collections, maintenance repairs, and disputes with the rental committee, allowing overseas owners to run a completely hands-off investment.', 'Property Management', 1),
('00000000-0000-0000-0009-000000000022', 'Can I convert my property into a short-term holiday home?', 'Yes. You can register your apartment as a holiday home with the Department of Economy and Tourism (DET). Short-term holiday lets typically yield 20% to 35% higher income than long-term rents.', 'Property Management', 2),
('00000000-0000-0000-0009-000000000023', 'Who pays for property repairs in a rental?', 'Generally, minor maintenance (under 500 AED) is paid by the tenant, while major structural maintenance (AC compressors, plumbing leaks, electrical faults) is paid by the landlord, unless agreed otherwise.', 'Property Management', 3),
('00000000-0000-0000-0009-000000000024', 'What is the tenant security deposit rate in Dubai?', 'The standard security deposit is 5% of the annual rent for unfurnished properties, and 10% for fully furnished properties. It is held by the landlord and returned to the tenant upon lease completion.', 'Property Management', 4),
('00000000-0000-0000-0009-000000000025', 'Is there VAT on residential properties in the UAE?', 'No. First-time buyers of residential properties within the first 3 years of completion are zero-rated. Commercial real estate transactions, however, attract a 5% Value Added Tax (VAT).', 'Tax & Payments', 1),
('00000000-0000-0000-0009-000000000026', 'What is corporate tax on rental income?', 'Rental income earned by private individuals directly from real estate investments in their personal capacity is exempted from the UAE''s 9% corporate tax that took effect in 2023.', 'Tax & Payments', 2),
('00000000-0000-0000-0009-000000000027', 'How do currency exchange fluctuations affect UAE investments?', 'The UAE Dirham (AED) is pegged to the US Dollar (USD) at a fixed rate of 3.6725. This removes exchange risk for international investors holding assets in USD or pegged currencies.', 'Tax & Payments', 3),
('00000000-0000-0000-0009-000000000028', 'What is service charge indexation?', 'The DLD runs a Service Charge Index that caps and regulates the amount developers can charge per square foot for maintenance, ensuring transparency and preventing arbitrary rate hikes.', 'Tax & Payments', 4)
ON CONFLICT (id) DO UPDATE SET
id = EXCLUDED.id, question = EXCLUDED.question, answer = EXCLUDED.answer, category = EXCLUDED.category, order_index = EXCLUDED.order_index;

INSERT INTO public.awards (id, title, year, issuer, description, icon, certificate_url, created_at)
VALUES
('00000000-0000-0000-0009-000000000001', 'Best Luxury Boutique Brokerage', 2025, 'Dubai Land Department Excellence Awards', 'Awarded to Luxespace for outstanding high-value transaction management, client discretion, and market advisory.', 'Award', '/assets/certificates/dld_award_2025.pdf', '2026-07-01T08:14:38.592Z'),
('00000000-0000-0000-0009-000000000002', 'Highest Luxury Volume Broker', 2024, 'Emaar Properties Annual Gala', 'Recognized as a Platinum Partner of Emaar for generating over 800M AED in luxury off-plan and ready transactions.', 'Trophy', '/assets/certificates/emaar_platinum_2024.pdf', '2026-07-01T08:14:38.593Z'),
('00000000-0000-0000-0009-000000000003', 'Elite Brokerage of the Year', 2024, 'DAMAC Properties Partner Awards', 'Distinguished honors for private portfolio advisory, exclusive townhouse deals, and VIP customer service.', 'Medal', '/assets/certificates/damac_elite_2024.pdf', '2026-07-01T08:14:38.593Z'),
('00000000-0000-0000-0009-000000000004', 'Timeless Architecture Advisory', 2023, 'Arabian Property Awards', 'Honored for the finest curated real estate catalog selection and architectural portfolio advisory.', 'Crown', '/assets/certificates/apa_architecture_2023.pdf', '2026-07-01T08:14:38.593Z'),
('00000000-0000-0000-0009-000000000005', 'Best Real Estate Portal Design', 2023, 'MEA Markets Real Estate Awards', 'Commended for delivering an elite, responsive, and editorial digital portal for high-net-worth real estate buyers.', 'Globe', '/assets/certificates/mea_portal_2023.pdf', '2026-07-01T08:14:38.593Z'),
('00000000-0000-0000-0009-000000000006', 'Customer Centricity Excellence', 2022, 'Property Finder Broker Awards', 'Honoring outstanding customer review scores, high client retention, and concierge-level advisory services.', 'Heart', '/assets/certificates/pf_customer_2022.pdf', '2026-07-01T08:14:38.593Z')
ON CONFLICT (id) DO UPDATE SET
id = EXCLUDED.id, title = EXCLUDED.title, year = EXCLUDED.year, issuer = EXCLUDED.issuer, description = EXCLUDED.description, icon = EXCLUDED.icon, certificate_url = EXCLUDED.certificate_url, created_at = EXCLUDED.created_at;

INSERT INTO public.partners (id, name, type, logo_url, website_url, created_at)
VALUES
('00000000-0000-0000-0003-000000000001', 'Emaar Properties', 'developer', 'https://i.postimg.cc/kX4DdQhV/emaar-logo.png', 'https://emaar.com', '2026-07-01T08:14:38.593Z'),
('00000000-0000-0000-0003-000000000002', 'Sobha Realty', 'developer', 'https://i.postimg.cc/85z1zQ8m/sobha-logo.png', 'https://sobharealty.com', '2026-07-01T08:14:38.593Z'),
('00000000-0000-0000-0003-000000000003', 'DAMAC Properties', 'developer', 'https://i.postimg.cc/5yyw9H1K/damac-logo.png', 'https://damacproperties.com', '2026-07-01T08:14:38.593Z'),
('00000000-0000-0000-0003-000000000004', 'Ellington Properties', 'developer', 'https://i.postimg.cc/9fyLgV1M/ellington-logo.png', 'https://ellingtonproperties.ae', '2026-07-01T08:14:38.593Z'),
('00000000-0000-0000-0003-000000000005', 'Emirates NBD', 'bank', 'https://i.postimg.cc/XvYgLqgP/emiratesnbd-logo.png', 'https://emiratesnbd.com', '2026-07-01T08:14:38.593Z'),
('00000000-0000-0000-0003-000000000006', 'HSBC Middle East', 'bank', 'https://i.postimg.cc/K8s3YxM1/hsbc-logo.png', 'https://hsbc.ae', '2026-07-01T08:14:38.593Z'),
('00000000-0000-0000-0003-000000000007', 'Mashreq Bank', 'bank', 'https://i.postimg.cc/J0vJ8H2N/mashreq-logo.png', 'https://mashreqbank.com', '2026-07-01T08:14:38.593Z'),
('00000000-0000-0000-0003-000000000008', 'ADCB Bank', 'bank', 'https://i.postimg.cc/fyvJgP2M/adcb-logo.png', 'https://adcb.com', '2026-07-01T08:14:38.593Z'),
('00000000-0000-0000-0003-000000000009', 'Al Tamimi & Co', 'legal', 'https://i.postimg.cc/9MCvK3vD/altamimi-logo.png', 'https://tamimi.com', '2026-07-01T08:14:38.593Z'),
('00000000-0000-0000-0003-00000000000a', 'BSA Ahmad Bin Hezeem', 'legal', 'https://i.postimg.cc/YSpwJg1G/bsa-logo.png', 'https://bsabh.com', '2026-07-01T08:14:38.593Z'),
('00000000-0000-0000-0003-00000000000b', 'Hadef & Partners', 'legal', 'https://i.postimg.cc/Qd1xJg2N/hadef-logo.png', 'https://hadefpartners.com', '2026-07-01T08:14:38.593Z'),
('00000000-0000-0000-0003-00000000000c', 'Mortgage Finder UAE', 'mortgage', 'https://i.postimg.cc/FHBxJg3N/mf-logo.png', 'https://mortgagefinder.ae', '2026-07-01T08:14:38.593Z')
ON CONFLICT (id) DO UPDATE SET
id = EXCLUDED.id, name = EXCLUDED.name, type = EXCLUDED.type, logo_url = EXCLUDED.logo_url, website_url = EXCLUDED.website_url, created_at = EXCLUDED.created_at;

INSERT INTO public.downloads (id, title, type, file_url, file_size, is_featured, created_at)
VALUES
('00000000-0000-0000-0009-000000000001', 'Dubai Q1 Luxury Market Report', 'report', '/assets/downloads/market_report_q1_2026.pdf', '4.8 MB', TRUE, '2026-07-01T08:14:38.593Z'),
('00000000-0000-0000-0009-000000000002', 'Dubai Golden Visa Complete Guide', 'guide', '/assets/downloads/golden_visa_guide_2026.pdf', '3.2 MB', TRUE, '2026-07-01T08:14:38.593Z'),
('00000000-0000-0000-0009-000000000003', 'Foreign Property Purchase Handbook', 'guide', '/assets/downloads/buyer_guide_foreigner.pdf', '2.9 MB', FALSE, '2026-07-01T08:14:38.593Z'),
('00000000-0000-0000-0009-000000000004', 'Atlantis Residences Floor Plans Booklet', 'floorplan', '/assets/downloads/atlantis_floorplans.pdf', '12.4 MB', TRUE, '2026-07-01T08:14:38.593Z'),
('00000000-0000-0000-0009-000000000005', 'Emaar Beachfront Villa Brochure', 'brochure', '/assets/downloads/emaar_beachfront.pdf', '8.1 MB', FALSE, '2026-07-01T08:14:38.593Z'),
('00000000-0000-0000-0009-000000000006', 'Sobha Hartland Penthouses Brochure', 'brochure', '/assets/downloads/sobha_hartland_brochure.pdf', '9.5 MB', FALSE, '2026-07-01T08:14:38.593Z'),
('00000000-0000-0000-0009-000000000007', 'Tax & Wealth Structuring for UAE Property', 'report', '/assets/downloads/tax_wealth_report_2026.pdf', '5.1 MB', TRUE, '2026-07-01T08:14:38.593Z'),
('00000000-0000-0000-0009-000000000008', 'DLD Standard Sale Agreement Template', 'floorplan', '/assets/downloads/dld_form_f_template.pdf', '1.2 MB', FALSE, '2026-07-01T08:14:38.593Z')
ON CONFLICT (id) DO UPDATE SET
id = EXCLUDED.id, title = EXCLUDED.title, type = EXCLUDED.type, file_url = EXCLUDED.file_url, file_size = EXCLUDED.file_size, is_featured = EXCLUDED.is_featured, created_at = EXCLUDED.created_at;

INSERT INTO public.lifestyle (id, title, slug, category, summary, content, cover_image, is_published, created_at, updated_at)
VALUES
('00000000-0000-0000-0009-000000000001', 'The Art of Coastal Splendor: Beachfront Living at Palm Jumeirah', 'coastal-splendor-beachfront-palm-jumeirah', 'Beach Living', 'Discover why Palm Jumeirah remains the ultimate address for private ocean terraces and bespoke luxury living in Dubai.', 'Dubai''s waterfront real estate is world-famous, but nothing captures the imagination quite like the private fronds of Palm Jumeirah. Offering double-height glass structures, custom private beach entries, and unparalleled views of the Arabian Gulf, living on the Palm is less about having a house and more about owning a private slice of the ocean. In this editorial guide, we explore the interior aesthetics of the Frond Mansions, custom wellness pools, yacht docks, and why the global elite choose the Palm as their primary residence.', '/assets/palm_jumeirah_render.png', TRUE, '2026-06-26T08:14:38.593Z', '2026-07-01T08:14:38.593Z'),
('00000000-0000-0000-0009-000000000002', 'Designing the Horizon: Interior Design Aesthetics in Sky Penthouses', 'designing-horizon-interior-design-sky-penthouses', 'Interior Design', 'Unveiling the glassmorphism, travertine claddings, and Italian bespoke marbles defined by top-tier decorators.', 'Penthouses in Downtown Dubai and Business Bay are pushing the boundaries of architectural interior design. Travertine stone cladding, custom brass accents, and solid Italian Carrara marble are standard. Floor-to-ceiling glass allows decorators to integrate the skyline itself as a living canvas. We speak with luxury designers who discuss spatial planning, acoustic damping, custom ambient lighting, and how bespoke furnishings elevate double-height sky mansions into editorial sanctuaries.', '/assets/penthouse_render.png', TRUE, '2026-06-21T08:14:38.593Z', '2026-07-01T08:14:38.593Z'),
('00000000-0000-0000-0009-000000000003', 'Dubai Hills Estate: The Modern Family Paradise Green Haven', 'dubai-hills-estate-modern-family-paradise-green-haven', 'Family Communities', 'Exploring championship golf parks, world-class schools, and leafy villa enclaves in Dubai Hills.', 'For families seeking an active, green lifestyle without losing connection to the city center, Dubai Hills Estate represents the absolute peak of modern urban planning. Spread around an 18-hole championship golf course, the community is anchored by leafy parks, multi-mile cycling paths, top-rated hospitals (King''s College), and premium international academies. This article outlines the architectural styles of Sidra and Maple townhouses, and the exclusive Parkway Vistas custom builds.', '/assets/villa_render.png', TRUE, '2026-06-16T08:14:38.593Z', '2026-07-01T08:14:38.593Z'),
('00000000-0000-0000-0009-000000000004', 'Golden Visa Investment Playbook: Maximizing Yield & Capital Preservation', 'golden-visa-investment-playbook-yield-capital-preservation', 'Investment Guides', 'How global wealth managers structure 2M+ real estate portfolios to secure long-term UAE residency.', 'The UAE''s 10-year Golden Visa has transformed Dubai from a temporary expat market into a permanent home for high-net-worth individuals. By allocating a minimum of 2 million AED into local real estate, investors gain stability, zero property tax, and full sponsor rights. We write an investment playbook outlining tax structures, off-plan vs ready assets yield comparisons, and the best mortgage options available to non-resident investors.', '/assets/apartment_render.png', TRUE, '2026-06-11T08:14:38.593Z', '2026-07-01T08:14:38.593Z'),
('00000000-0000-0000-0009-000000000005', 'The Ultimate Guide to Michelin Star Dining in Business Bay & DIFC', 'michelin-star-dining-business-bay-difc', 'Dubai Lifestyle', 'From Zuma to bespoke rooftop chef tables, exploring the high culinary landscape of central Dubai.', 'Dubai''s culinary scene is thriving. With Business Bay and DIFC housing some of the world''s most acclaimed dining spots, living in these corporate hubs offers immediate proximity to culinary masterworks. We review the top rooftop dining terraces, private chef tables, custom menus, and tell you which luxury developments give residents private elevator access straight to world-class dining lounges.', '/assets/apartment_render.png', TRUE, '2026-06-06T08:14:38.593Z', '2026-07-01T08:14:38.593Z'),
('00000000-0000-0000-0009-000000000006', 'Downtown Penthouse living: Luxury Above the Clouds', 'downtown-penthouse-living-luxury-above-clouds', 'Business Lifestyle', 'Why global tech executives and hedge fund managers choose high-rise sky residences over beach villas.', 'The luxury market is split: beach versus city. While beach villas offer coastal proximity, high-rise penthouses in Downtown Dubai offer lock-and-leave convenience, absolute privacy, and panoramic views of the city. We highlight top towers, private helicopter access pads, automated home theaters, and explore why global entrepreneurs choose high-rise penthouses as their secondary offices.', '/assets/penthouse_render.png', TRUE, '2026-06-01T08:14:38.593Z', '2026-07-01T08:14:38.593Z')
ON CONFLICT (id) DO UPDATE SET
id = EXCLUDED.id, title = EXCLUDED.title, slug = EXCLUDED.slug, category = EXCLUDED.category, summary = EXCLUDED.summary, content = EXCLUDED.content, cover_image = EXCLUDED.cover_image, is_published = EXCLUDED.is_published, created_at = EXCLUDED.created_at, updated_at = EXCLUDED.updated_at;

COMMIT;